time,u,v,w,p,q,r,x_e,y_e,z_e,phi,theta,psi,V,alpha,beta,V_body,alpha_body,beta_body,u_air,v_air,w_air,gust_velocity_y,airmass_velocity_y,beta_g,crosswind_sign_convention,CX,CY,CZ,CL,CD,CS,phi_dot,phat,qhat,rhat,delta_e,delta_a,delta_r,thrust,phi_delta
0.0,10.0,0.0,0.0,0.0,0.0,0.0,0.0,0.0,0.0,0.0,0.0,0.0,10.0,0.0,0.0,10.0,0.0,0.0,10.0,0.0,0.0,0.0,-0.0,0.0,positive_from_right,-0.021570140366969026,6.815857433624656e-05,-0.8682697777591338,0.8682697777591338,0.021570140366969026,6.815857433624656e-05,0.0,0.0,0.0,0.0,-0.004604983464949078,0.0,0.0,0.0,0.0
0.0009987276488921913,9.999762589885695,7.478544577521851e-07,0.00023313321192162,1.3550291845721059e-06,-1.5977236089693324e-07,-8.761233373850096e-08,0.009987157918582637,3.7376928448224456e-10,1.1650904591309602e-07,6.80573209025741e-10,-5.324264668921335e-11,-4.33431986266119e-11,9.999762592607901,2.3313874682903454e-05,9.578520844448854e-07,9.999762592603341,2.3313874682903454e-05,7.47872212791693e-08,9.999762589885695,9.578293443282005e-06,0.00023313321192162,8.83043898552982e-06,-8.83043898552982e-06,8.830438985527525e-07,positive_from_right,-0.02155335890322857,6.757814257518283e-05,-0.868409751861199,0.8684092491328843,0.02157360482875776,6.759880689756805e-05,1.3550291845767705e-06,1.8293328288859618e-06,-4.993004815654365e-09,-1.1827945858875652e-07,-0.004604983464949078,0.0,0.0,0.0,6.80573209025741e-10
0.010986004137814104,9.997399090231765,7.618412358110295e-06,0.002505441008942576,1.147537714488624e-05,-1.8579418812703152e-05,-1.2271363869225217e-06,0.10984573337726027,4.3111822537796913e-08,1.3882431305000312e-05,7.063207593779725e-08,-6.878706588374839e-08,-6.218951531981681e-09,9.997399462076393,0.0002506092768607358,0.00010762556194898245,9.997399404178049,0.0002506092768607358,7.620394114620643e-07,9.997399090231765,0.0010759757330572085,0.002505441008942576,0.0010683573206990982,-0.0010683573206990982,0.00010683573166343997,positive_from_right,-0.021390149688522198,5.366751229027268e-05,-0.8697706418631854,0.8697652539803196,0.021608115704985907,5.5993098205482135e-05,1.147537722929744e-05,1.54957888842614e-05,-5.807578661825176e-07,-1.657065048395428e-06,-0.004604983464949078,0.0,0.0,0.0,7.063207593779725e-08
0.021219459626259353,9.994996658901275,1.240401731893407e-05,0.004725724306780835,1.2644065884597785e-05,-6.655772611772331e-05,-2.8175911490314536e-06,0.21214136308651838,1.4662152495513298e-07,5.099749755657263e-05,2.034587279667323e-07,-4.808415433308281e-07,-2.661798967319749e-08,9.994998575212561,0.00047280895791292386,0.00039988217285795506,9.994997776091385,0.00047280895791292386,1.2410225191453652e-06,9.994996658901275,0.003996821641449033,0.004725724306780835,0.003984417624130099,-0.003984417624130099,0.0003984417413280266,positive_from_right,-0.021231388810805014,2.502992395997579e-05,-0.8710942749855489,0.8710841392292793,0.02164323585927921,3.36846706055906e-05,1.2644067239419173e-05,1.7078030392659656e-05,-2.0809697225340726e-06,-3.80565141912646e-06,-0.004604983464949078,0.0,0.0,0.0,2.034587279667323e-07
0.031452915114704605,9.992612873999812,1.337938366553019e-05,0.006841392370913827,1.3967884385832962e-06,-0.00014044073864837841,-4.633971072560578e-06,0.3144125037403147,2.77909227308309e-07,0.00011036631151010574,2.869662046435063e-07,-1.5193471066679331e-06,-6.466772645726246e-08,9.99261905828065,0.0006846448860010462,0.0008769443459582209,9.99261521597101,0.0006846448860010462,1.3389271353259123e-06,9.992612873999812,0.008762969661307025,0.006841392370913827,0.008749590277641495,-0.008749590277641495,0.0008749588044883283,positive_from_right,-0.021080864512640105,-1.7108792250779082e-05,-0.8723497650996996,0.8723351277427416,0.021678115998637358,1.9017072998767268e-06,1.3967954792550701e-06,1.88705721802218e-06,-4.392014803291187e-06,-6.260481773066988e-06,-0.004604983464949078,0.0,0.0,0.0,2.869662046435063e-07
0.04102364212169685,9.99039958182994,9.53801727178738e-06,0.008729535154737691,-2.2351289250232293e-05,-0.0002300812143278333,-6.27425878710161e-06,0.4100384699137615,3.8315500182623344e-07,0.00018516956835157495,1.9750478002193137e-07,-3.27764809317926e-06,-1.1703015300290695e-07,9.990414482866626,0.0008737921703262616,0.001489817207031934,9.990403395734472,0.0008737921703262616,9.547179321969326e-07,9.99039958182994,0.01488388589601965,0.008729535154737691,0.014874347878747862,-0.014874347878747862,0.0014874336909118041,positive_from_right,-0.020947218598727686,-6.80168629644703e-05,-0.8734653336118658,0.8734466966476522,0.021710514913334242,-3.567221582642221e-05,-2.2351268685271003e-05,-3.020319180907044e-05,-7.196936583637817e-06,-8.478376324739572e-06,-0.004604983464949078,0.0,0.0,0.0,1.9750478002193137e-07
0.0502321376057487,9.988284144423874,3.7953279166165764e-07,0.01046721562761546,-5.852423753506327e-05,-0.00033273431118988924,-7.516396799706322e-06,0.502025268562369,4.1972259230503216e-07,0.00027402722792067185,-1.644711514632124e-07,-5.857454808519171e-06,-1.8089174112227192e-07,9.988314485508518,0.0010479489414376006,0.0022309469205298404,9.988289628978151,0.0010479489414376006,3.799777597162906e-08,9.988284144423874,0.022283380958192458,0.01046721562761546,0.022283001425400795,-0.022283001425400795,0.0022282964544755126,positive_from_right,-0.020824839275954368,-0.00012699604749846178,-0.8744877990316274,0.8744654954874592,0.021741475453415718,-7.849220535565995e-05,-5.852419350842924e-05,-7.910015327106817e-05,-1.0410111976119529e-05,-1.015900700195758e-05,-0.004604983464949078,0.0,0.0,0.0,-1.644711514632124e-07
0.059239522764252275,9.986227754077058,-1.477900395189733e-05,0.01209514471579469,-0.00010735411967347441,-0.0004467679239679803,-8.123807718648491e-06,0.5919843194464032,3.4047415819130734e-07,0.00037637003791117236,-9.013199892447582e-07,-9.358653955490687e-06,-2.518908574090975e-07,9.986283027442308,0.001211181949709152,0.0030988563592782652,9.98623507879937,0.001211181949709152,-1.4799375175213264e-06,9.986227754077058,0.03094600713646269,0.01209514471579469,0.030960786140414587,-0.030960786140414587,0.0030960687214018918,positive_from_right,-0.02071074762593287,-0.0001938162258359086,-0.8754419245046775,0.875416197907306,0.021771547707768808,-0.00012635004141367455,-0.00010735404364933771,-0.00014512713204795828,-1.3980674877362462e-05,-1.0982204680197585e-05,-0.004604983464949078,0.0,0.0,0.0,-9.013199892447582e-07
0.06812309403820357,9.984211621520556,-3.670102536311811e-05,0.01363402152325153,-0.00016906623164235224,-0.0005707464472774683,-7.841346711407161e-06,0.6806887202420545,9.191977648006288e-08,0.0004917235820625863,-2.1190054705300496e-06,-1.3870352127125633e-05,-3.235562741496937e-07,9.984304541253616,0.001365557298404735,0.004092487430386395,9.984220930608256,0.001365557298404735,-3.675902768806707e-06,9.984211621520556,0.04086052677756947,0.01363402152325153,0.04089722780293259,-0.04089722780293259,0.00408969997918279,positive_from_right,-0.020603400887793416,-0.0002682835963435697,-0.876340416997925,0.876311464805876,0.021800989743802547,-0.00017906506842652116,-0.00016906612289688722,-0.0002285982080916355,-1.786386463245986e-05,-1.0602459106351065e-05,-0.004604983464949078,0.0,0.0,0.0,-2.1190054705300496e-06
0.07692861926095453,9.982224549149967,-6.620744257861193e-05,0.01509669856508948,-0.00024385832743836023,-0.0007034275592148112,-6.401652771539872e-06,0.7685961886304501,-3.8608893122058524e-07,0.0006197199970747795,-3.926969721610792e-06,-1.947359735454183e-05,-3.872048507027088e-07,9.982371516376709,0.0015123569882558123,0.005211355134619376,9.982235965170492,0.0015123569882558123,-6.632526300731116e-06,9.982224549149967,0.0520214475884619,0.01509669856508948,0.052087655031040514,-0.052087655031040514,0.005208718397118576,positive_from_right,-0.020501817855674804,-0.0003502648072569762,-0.8771912333103081,0.8771592240885415,0.0218299491317422,-0.00023650491621564332,-0.0002438582028289444,-0.00032979011200063896,-2.2020930787238096e-05,-8.657493089092808e-06,-0.004604983464949078,0.0,0.0,0.0,-3.926969721610792e-06
0.08568626106107208,9.980259123213115,-0.00010417263921965703,0.01649201173216659,-0.0003318987776117304,-0.000843718666828786,-3.5272124244529204e-06,0.8560083184088246,-1.1608025610954895e-06,0.0007600727899848234,-6.438117652351369e-06,-2.6242669210254984e-05,-4.3180563353912677e-07,9.9804807018829,0.001652461776529579,0.006455383539350986,9.980272749969387,0.001652461776529579,-1.0437854939572482e-05,9.980259123213115,0.06442738336616713,0.01649201173216659,0.06453155600538679,-0.06453155600538679,0.006453066026056661,positive_from_right,-0.020405302937030308,-0.000439672871427665,-0.87799988874472,0.8779649710308123,0.02185851851772317,-0.0002985749518958692,-0.00033189868519081057,-0.00044893964845932235,-2.6417773978988167e-05,-4.77104952681598e-06,-0.004604983464949078,0.0,0.0,0.0,-6.438117652351369e-06
0.09441738775688047,9.978310078808315,-0.0001515254906455326,0.017826447419774953,-0.0004333303174434367,-0.0009906453184182816,1.0686348965169973e-06,0.9431387045653059,-2.3070501382623283e-06,0.0009125584242556994,-9.768832769150424e-06,-3.424598745846095e-05,-4.438395188230723e-07,9.97863148288015,0.0017865177884574708,0.007824783206164742,9.978326003595754,0.0017865177884574708,-1.5185462030079294e-05,9.978310078808315,0.07807983127339566,0.017826447419774953,0.0782313567640412,-0.0782313567640412,0.007822976086510653,positive_from_right,-0.02031332592790792,-0.0005364547016107794,-0.878770464542056,0.8787327720815854,0.021886759420673838,-0.00036520848196899494,-0.00043333035437130774,-0.0005862486549907054,-3.1023959802187155e-05,1.4457464560877337e-06,-0.004604983464949078,0.0,0.0,0.0,-9.768832769150424e-06
0.10313796107738268,9.976373483595271,-0.0002092519549421813,0.019104983615740114,-0.000548274445792544,-0.0011433286970454412,7.681157243935681e-06,1.0301468315632216,-3.907746463793367e-06,0.0010770033713483913,-1.4039015525775363e-05,-4.3546793645400083e-05,-4.0715422878771547e-07,9.976825075866415,0.0019150205525642482,0.009319964495083882,9.976391779013502,0.0019150205525642482,-2.0974713061861713e-05,9.976373483595271,0.09298230936626081,0.019104983615740114,0.09319156132120299,-0.09319156132120299,0.00931888636694817,positive_from_right,-0.02022546129928189,-0.0006405816376671731,-0.8795061174392664,0.8794657725813332,0.021914714035845648,-0.0004363591890786136,-0.0005482747809812924,-0.0007418898258629196,-3.581201585772739e-05,1.0393649483137448e-05,-0.004604983464949078,0.0,0.0,0.0,-1.4039015525775363e-05
0.11186044494514084,9.974446277035332,-0.00027839855703615626,0.020331564138896963,-0.0006768358517437087,-0.0013009699082216996,1.6613991741932126e-05,1.1171571677780603,-6.054444706587975e-06,0.0012532756660781506,-1.937216796428803e-05,-5.420373591544784e-05,-3.028128228093385e-07,9.975064080266161,0.0020383623727582194,0.010941482967316181,9.974467002475375,0.0020383623727582194,-2.791112116599439e-05,9.974446277035332,0.1091398160704336,0.020331564138896963,0.10941821462746976,-0.10941821462746976,0.010941384829881481,positive_from_right,-0.02014135394705654,-0.0007520429088194538,-0.8802093675573011,0.880166483608078,0.02194241181483454,-0.0005119958206982781,-0.0006768367536502058,-0.0009160125614246942,-4.075694081239759e-05,2.2484957160305188e-05,-0.004604983464949078,0.0,0.0,0.0,-1.937216796428803e-05
0.12059491131320604,9.97252600205025,-0.00036007597365983885,0.021509377103277015,-0.0008191055857408301,-0.0014628375244988576,2.8179071015810646e-05,1.2042702289903104,-8.84792827734221e-06,0.0014412781618804787,-2.5895490612635677e-05,-6.627132076481907e-05,-1.0893383047856872e-07,9.973352221838988,0.002156860131990964,0.012689994661123524,9.972549204918792,0.002156860131990964,-3.610671317224242e-05,9.97252600205025,0.12655838964276678,0.021509377103277015,0.1269184656164266,-0.1269184656164266,0.01269116514739063,positive_from_right,-0.020060699037831406,-0.0008708403835651059,-0.8808822680756678,0.8808369510357827,0.021969873212588212,-0.0005920979663646901,-0.0008191074557155033,-0.0011087471054403645,-4.5835814903326605e-05,3.814338952959374e-05,-0.004604983464949078,0.0,0.0,0.0,-2.5895490612635677e-05
0.12934976082249836,9.970610630106897,-0.0004554630326288286,0.022641033255893058,-0.0009751638462776691,-0.0016282582713441798,4.269670809852284e-05,1.2915697878575467,-1.2398857764203367e-05,0.0016409439212189572,-3.3740019443603613e-05,-7.980032520303203e-05,1.9947882505201133e-07,9.971694189694741,0.0022707730930768668,0.014566227025738081,9.970636346845376,0.0022707730930768668,-4.568043773167355e-05,9.970610630106897,0.14524482505178943,0.022641033255893058,0.14570028808441826,-0.14570028808441826,0.014568997936628997,positive_from_right,-0.019983229091068155,-0.0009969848913065594,-0.8815265141436627,0.8814788640484436,0.021997112049900878,-0.0006766530769820245,-0.0009751672578728934,-0.0013202081486166732,-5.1027508477035716e-05,5.780417533519483e-05,-0.004604983464949078,0.0,0.0,0.0,-3.3740019443603613e-05
0.13813220786716135,9.968698443432592,-0.0005658110885823648,0.02372868314558666,-0.0011450823069984015,-0.001796609636645547,6.049582026843028e-05,1.3791277260930468,-1.682848104025408e-05,0.0018522328805331931,-4.3040802243953466e-05,-9.483817427160659e-05,6.507188146689339e-07,9.97009553058363,0.0023803145882539713,0.016570959117050237,9.968726700368578,0.0023803145882539713,-5.675861179595204e-05,9.968698443432592,0.16520648432930576,0.02372868314558666,0.16577229541788813,-0.16577229541788813,0.01657571129280505,positive_from_right,-0.019908705477285956,-0.0011304935421097505,-0.8821435146685178,0.8820936266649828,0.02202413702464061,-0.000765654291167042,-0.0011450880516451593,-0.001550497795839425,-5.631245054066878e-05,8.191431778347276e-05,-0.004604983464949078,0.0,0.0,0.0,-4.3040802243953466e-05
0.14694861061798564,9.96678795466848,-0.0006924486853532271,0.024774094888381133,-0.0013289258643493617,-0.001967313596806095,8.191425929162343e-05,1.4670073355277755,-2.226941017353373e-05,0.0020751291473183674,-5.393710476878845e-05,-0.00011142927511047492,1.2765753785119887e-06,9.968562580442095,0.00248565977110713,0.01870500594003088,9.96681876872392,0.00248565977110713,-6.947539651099111e-05,9.96678795466848,0.18645114933443951,0.024774094888381133,0.18714359801979275,-0.18714359801979275,0.018712175501292408,positive_from_right,-0.019836912755955383,-0.0012713876049766253,-0.8827344402153691,0.8826824054621729,0.022050952662771166,-0.0008590987410997122,-0.0013289350038198143,-0.0017997077335818602,-6.16724321125383e-05,0.00011093299475357994,-0.004604983464949078,0.0,0.0,0.0,-5.393710476878845e-05
0.15580470593066711,9.964877849607245,-0.0008367865823445031,0.025778707067920105,-0.0015267539703052652,-0.002139831200280857,0.00010729924035224798,1.5552656674006737,-2.8866473893749936e-05,0.0023096388059613204,-6.657264887428121e-05,-0.00012961531928519003,2.112548619575963e-06,9.967102418864993,0.0025869508839490916,0.02096920631007501,9.964911228884228,0.0025869508839490916,-8.39733103594977e-05,9.964877849607245,0.20898691062650407,0.025778707067920105,0.20982369720884858,-0.20982369720884858,0.02097929130245391,positive_from_right,-0.0197676548083095,-0.001419690834583813,-0.8833002558003552,0.8832461622452412,0.02207755992056158,-0.0009569862414260063,-0.0015267678963948603,-0.002067920819205165,-6.709043631598559e-05,0.0001453320818710219,-0.004604983464949078,0.0,0.0,0.0,-6.657264887428121e-05
0.164705781261127,9.962966945241073,-0.001000323190661006,0.026743664988427188,-0.0017386216219748354,-0.0023136577590844015,0.00013700786158400065,1.6439552512424729,-3.677765412685896e-05,0.0025557880688064074,-8.109588231527596e-05,-0.00014943555659597854,3.1980845605545036e-06,9.965722838657602,0.0026843008615623476,0.023364413078019883,9.963002889502228,0.0026843008615623476,-0.0001004037842241036,9.962966945241073,0.23282208090833056,0.026743664988427188,0.23382240409899158,-0.23382240409899158,0.023377980556266196,positive_from_right,-0.01970075217331169,-0.0015754281153051307,-0.8838417435613195,0.8837856766326297,0.022103956552887744,-0.0010593182556161295,-0.0017386421238592866,-0.0023552121884840528,-7.25504874477592e-05,0.00018559678623704867,-0.004604983464949078,0.0,0.0,0.0,-8.109588231527596e-05
0.17365680392922056,9.961054158195475,-0.0011846504746608109,0.027669845475682683,-0.001964580072723527,-0.0024883184810001024,0.0001714077098562879,1.7331253868509844,-4.6175116317187365e-05,0.0028136216657418996,-9.766028072610596e-05,-0.00017092704285117289,4.576832610917478e-06,9.964432325471703,0.002777795790283874,0.025891484978889906,9.961092659254243,0.002777795790283874,-0.00011892776404933886,9.961054158195475,0.2579651256534852,0.027669845475682683,0.25914977612814605,-0.25914977612814605,0.025909178570092062,positive_from_right,-0.019636040213301276,-0.001738624332088675,-0.884359518459285,0.8843015616966755,0.022130137320368462,-0.0011660970659972136,-0.0019646094124736013,-0.002661649968154318,-7.803751382050974e-05,0.00023222638354868292,-0.004604983464949078,0.0,0.0,0.0,-9.766028072610596e-05
0.18266252105616587,9.959138480324237,-0.0013914603849636206,0.028557873607926304,-0.00220467732160304,-0.0026633644268452754,0.00021087755198655195,1.822823142656661,-5.7246344811577566e-05,0.0030832014022059346,-0.00011642468329209682,-0.00019412486370045997,6.296928384399139e-06,9.963240044235475,0.002867496560227975,0.028551279636140136,9.959179522359358,0.002867496560227975,-0.000139716367835994,9.959138480324237,0.2844246062445432,0.028557873607926304,0.2858160666295068,-0.2858160666295068,0.02857382762545766,positive_from_right,-0.019573367866728465,-0.0019093034053647884,-0.8848540390643452,0.8847942747063984,0.022156094082781,-0.0012773250954173144,-0.002204718318373816,-0.002987295669831962,-8.353722079301913e-05,0.00028573505598367854,-0.004604983464949078,0.0,0.0,0.0,-0.00011642468329209682
0.19172753919080707,9.957218959286902,-0.0016225519013021265,0.029408133633036036,-0.0024589584309414455,-0.0028383687102647866,0.000255808114073835,1.913094150646761,-7.01953965445298e-05,0.0033646048401439555,-0.00013755366477663064,-0.00021906233647193726,8.411305208372836e-06,9.962155830146411,0.0029534399359969453,0.03134464744035224,9.957262519095345,0.0029534399359969453,-0.00016295160495881012,9.957218959286902,0.31220913281617385,0.029408133633036036,0.31383168471747597,-0.31383168471747597,0.03137287142767129,positive_from_right,-0.019512596826484735,-0.0020874874465792274,-0.8853256147969618,0.8852641243383911,0.022181815810494863,-0.0013930043438512838,-0.0024590145543930443,-0.003332204332445344,-8.903597143839398e-05,0.00034665283286840724,-0.004604983464949078,0.0,0.0,0.0,-0.00013755366477663064
0.20085638994868785,9.955294682586086,-0.0018798387797801614,0.03022077561053587,-0.002727465717226882,-0.00301292287951441,0.00030660295551852466,2.0039832610818147,-8.524428877494429e-05,0.0036579240746371557,-0.00016121794799560193,-0.0002457711920458113,1.0978038207156803e-05,9.961190182678628,0.0030356391995237336,0.034272426165739896,9.95534072978917,0.0030356391995237336,-0.0001888271674445374,9.955294682586086,0.3413273254338004,0.03022077561053587,0.34320716421358055,-0.34320716421358055,0.034307250347464846,positive_from_right,-0.01945360103386458,-0.0022731960056243394,-0.8857744105600915,0.8857112752877989,0.022207288535673345,-0.0015131359147749876,-0.002727541190781506,-0.0036964244741145543,-9.452067299000885e-05,0.00041552664125393113,-0.004604983464949078,0.0,0.0,0.0,-0.00016121794799560193
0.2100535862500381,9.95336476396719,-0.0021653581194593036,0.0309957188428397,-0.0030102388569979415,-0.00318663343475622,0.0003636794485756315,2.095535102839765,-0.00010263453978529453,0.00396326459228883,-0.00018759486251784872,-0.0002742817389899632,1.4060725550658176e-05,9.960354261521232,0.003114084471323175,0.03733543629780678,9.953413261185633,0.003114084471323175,-0.0002175493049187035,9.95336476396719,0.3717877833306885,0.0309957188428397,0.3739531414501478,-0.3739531414501478,0.037377897434995505,positive_from_right,-0.019396266411975407,-0.002466445392426984,-0.8862004494098814,0.8861357509247237,0.022232495258368352,-0.0016377196146933645,-0.0030103387715948245,-0.004079997909960442,-9.997866764723165e-05,0.0004929214791825263,-0.004604983464949078,0.0,0.0,0.0,-0.00018759486251784872
0.21932367262530325,9.951428331359157,-0.002481279889440325,0.031732652839418916,-0.003307314947890396,-0.003359118443488603,0.0004274698792824252,2.1877945840295294,-0.00012262888546503314,0.004280744208485787,-0.00021686885743322267,-0.00030462301251208177,1.7728912385637345e-05,9.959659883699928,0.0031887427843860093,0.04053447714046728,9.951479234374345,0.0031887427843860093,-0.00024933779759891603,9.951428331359157,0.40359906286775493,0.031732652839418916,0.40608034275719523,-0.40608034275719523,0.040585735283022076,positive_from_right,-0.019340490784936867,-0.0026672480638523844,-0.8866036137180866,0.8865374344475052,0.022257415818155185,-0.001766753616000656,-0.0033074453869680154,-0.00448295949037305,-0.00010539762661054091,0.0005794217310329398,-0.004604983464949078,0.0,0.0,0.0,-0.00021686885743322267
0.22867127233529455,9.94948451571591,-0.002829917591007169,0.03243103633267595,-0.003618728564896774,-0.0035300042221415658,0.0004984226915054216,2.2808073602809698,-0.00014551319978366279,0.0046104920901772015,-0.0002492320785442333,-0.0003368229112119805,2.2058564165584232e-05,9.959119521397609,0.003259557962474805,0.04387032385584645,9.949537773636616,0.003259557962474805,-0.0002844270451097496,9.94948451571591,0.4367696657216959,0.03243103633267595,0.43959958331270305,-0.43959958331270305,0.043931673902933295,positive_from_right,-0.019286183944597603,-0.0028756120744543087,-0.8869836451430366,0.8869160688484864,0.022282026738796378,-0.0019002341788388695,-0.00361889674141341,-0.004905336814278006,-0.0001107654463880189,0.0006756326521502497,-0.004604983464949078,0.0,0.0,0.0,-0.0002492320785442333
0.23810113362479493,9.947532440230043,-0.0032137402728331923,0.0330900947017969,-0.003944511854041328,-0.0036989220549445826,0.0005770039031536728,2.374620293813648,-0.00017159865368484613,0.0049526478805497366,-0.00028488502351457963,-0.00037090832523379284,2.713259765485535e-05,9.958746300216726,0.0033264503383357443,0.04734372567973443,9.947587995686341,0.0033264503383357443,-0.00032306729331081397,9.947532440230043,0.47130803969790164,0.0330900947017969,0.4745217799707348,-0.4745217799707348,0.04741660986963688,positive_from_right,-0.01923326783710336,-0.0030915405965432135,-0.8873401436275159,0.8872712559097709,0.022306301051160254,-0.00203815543258474,-0.003944726260444979,-0.005347149974931991,-0.00011607014651483055,0.0007821820596438995,-0.004604983464949078,0.0,0.0,0.0,-0.00028488502351457963
0.24761817719624876,9.94557120945643,-0.0036353861730473403,0.033708816035419725,-0.004284694709562745,-0.0038655049219895182,0.0006636987326444991,2.4692819240389396,-0.00020122415531123852,0.005307360952011673,-0.00032403729249275555,-0.00040690526018891544,3.304147990735553e-05,9.958553997846918,0.00338931633479092,0.05095540564960208,9.945628998845663,0.00338931633479092,-0.0003655260270037053,9.94557120945643,0.5072225954999161,0.033708816035419725,0.5108579816729635,-0.5108579816729635,0.05104142708861724,positive_from_right,-0.019181676849228578,-0.0033150315215968607,-0.8876725655661349,0.8876024543709533,0.022330208097859367,-0.002180509222113121,-0.00428496528174539,-0.0058084114010531086,-0.00012129976785614586,0.000899722278218094,-0.004604983464949078,0.0,0.0,0.0,-0.00032403729249275555
0.2572275469434179,9.943599897908289,-0.0040976783353624995,0.034285945961705026,-0.004639305087665151,-0.00402938420773286,0.0007590134853478056,2.5648429699498934,-0.00023475912539102367,0.0056747898261117384,-0.0003669084569069521,-0.00044483896230556723,3.988390817602956e-05,9.958557043337267,0.0034480279214359876,0.05470606229798433,9.943659851721597,0.0034480279214359876,-0.0004120895638470084,9.943599897908289,0.544521743946068,0.034285945961705026,0.5486194222814305,-0.5486194222814305,0.0548069996588371,positive_from_right,-0.019131358179822505,-0.0035460771623466334,-0.8879802212230836,0.8879089773493507,0.022353713321669695,-0.002327285028826764,-0.0046396433840925795,-0.006289125865416647,-0.00012644227064592353,0.0010289324053278258,-0.004604983464949078,0.0,0.0,0.0,-0.0003669084569069521
0.26693466608007765,9.941617537682252,-0.0046036426424757885,0.03481998128084106,-0.005008369519691566,-0.004190186358474856,0.0008634777647052098,2.661356885464036,-0.00027260667589677247,0.006055101813476619,-0.00041372907582150705,-0.0004847340516616016,4.776758720193518e-05,9.958770517448992,0.003502431950283591,0.05859637390165692,9.941679580944726,0.003502431950283591,-0.00046306489457027393,9.941617537682252,0.5832139595067579,0.03481998128084106,0.5878176021492337,-0.5878176021492337,0.058714197448697554,positive_from_right,-0.01908227228592682,-0.0037846640828892667,-0.8882622714249928,0.888189989037294,0.022376778038496452,-0.0024784699816016277,-0.005008788917099861,-0.006789290746018282,-0.00013148543133202078,0.0011705209797831895,-0.004604983464949078,0.0,0.0,0.0,-0.00041372907582150705
0.2767453010650605,9.939623104627774,-0.005156528837935135,0.03530916234151892,-0.005391913902002316,-0.004347529452820793,0.0009776470925133894,2.7588804914923495,-0.00031520727902501866,0.006448472945733104,-0.00046474189812502836,-0.0005266146722948173,5.681012497854338e-05,9.9592101549066,0.003552349364299209,0.06262700605755804,9.939687157490681,0.003552349364299209,-0.0005187818275899311,9.939623104627774,0.6233078778574792,0.03530916234151892,0.6284644066954144,-0.6284644066954144,0.06276389519073325,positive_from_right,-0.01903439339649659,-0.0040307730941251275,-0.8885177234976687,0.8884445006452824,0.02239935919438424,-0.0026340489790742955,-0.005392429809311547,-0.007308896643893937,-0.00013641673715833333,0.0013252291641248665,-0.004604983464949078,0.0,0.0,0.0,-0.00046474189812502836
0.28666563618958635,9.937615502495492,-0.00575983528035918,0.035751463998770217,-0.005789964660626955,-0.0045010196422599754,0.0011021060494731123,2.857474713080834,-0.00036304303897120524,0.006855088296690262,-0.0005202033007791389,-0.0005705046706874605,6.714007434044767e-05,9.95989234981022,0.0035975742622967894,0.06679862359935079,9.937681481025603,0.0035975742622967894,-0.0005795955136860813,9.937615502495492,0.6648124376027817,0.035751463998770217,0.6705722728831409,-0.6705722728831409,0.06695698615441481,positive_from_right,-0.018987710089650493,-0.004284379464736162,-0.888745426353315,0.8886713654978798,0.02242140910468422,-0.002794004952751583,-0.005790594753064463,-0.007847928488901115,-0.00014122327720068618,0.0014938345862915393,-0.004604983464949078,0.0,0.0,0.0,-0.0005202033007791389
0.29670236238643377,9.935593544374166,-0.006417338408414554,0.03614458486269092,-0.006202550417514828,-0.004650247408611175,0.0012374720831406717,2.9572054568087114,-0.0004166427134403269,0.007275142823692109,-0.0005803850295620927,-0.0006164278178159073,7.889815622052843e-05,9.96083416606683,0.00363787279077829,0.07111190819199277,9.935661361593235,0.00363787279077829,-0.0006458894502394522,9.935593544374166,0.7077370796134504,0.03614458486269092,0.714154418021865,-0.714154418021865,0.07129440179456713,positive_from_right,-0.018942225932495522,-0.004545453414626714,-0.8889440645588097,0.8888692731134534,0.022442875171775827,-0.00295831931078615,-0.006203314893396891,-0.008406367302219012,-0.00014589162824751742,0.0016771560337095351,-0.004604983464949078,0.0,0.0,0.0,-0.0005803850295620927
0.3068627848588779,9.9335559305349,-0.00713312821989418,0.036485934382287734,-0.006629704326719197,-0.004794783570376569,0.0013844001804033399,3.0581446738739024,-0.00047658767935552425,0.007708842907196045,-0.0006455763312229698,-0.0006644080952336211,9.223871214620082e-05,9.962053355514202,0.0036729818166349824,0.07556758339692062,9.933625497772253,0.0036729818166349824,-0.0007180790975572906,9.9335559305349,0.7520920220550981,0.036485934382287734,0.7592251502749923,-0.7592251502749923,0.0757771392484823,positive_from_right,-0.01889796018609119,-0.004813960980971359,-0.8891121511173857,0.8890367420009929,0.022463699575562494,-0.003126972616649922,-0.006630626189957943,-0.008984192838233344,-0.0001504077334531941,0.001876059258917753,-0.004604983464949078,0.0,0.0,0.0,-0.0006455763312229698
0.31715495566312707,9.931501221516012,-0.007911651526514296,0.03677261708397146,-0.007071467309552151,-0.004934174949126572,0.001543588672310311,3.1603716694597885,-0.0005435191038841924,0.008156408834195565,-0.0007160865977537499,-0.0007144700733312367,0.00010733145000832083,9.963568387560189,0.003702607311960213,0.08016644965566612,9.931572450149629,0.003702607311960213,-0.0007966162863948987,9.931501221516012,0.7978886358681313,0.03677261708397146,0.8058002873946456,-0.8058002873946456,0.08040629923864383,positive_from_right,-0.018854948582516143,-0.005089865380227282,-0.8892480185626073,0.8891721107742625,0.02248381892804993,-0.0032999455775309045,-0.007072572681803807,-0.009581387407160741,-0.00015475677103066798,0.0020914642491144655,-0.004604983464949078,0.0,0.0,0.0,-0.0007160865977537499
0.32758783959687854,9.92942780486847,-0.008757765400003528,0.03700141296556112,-0.007527892505240527,-0.005067939576164812,0.0017157865401823797,3.2639747408885507,-0.0006181466767470078,0.008618078567342107,-0.0007922486889161214,-0.0007666394209847139,0.00012436357058663518,9.965398495806376,0.0037264223500670193,0.0849094325753314,9.929500608545796,0.0037264223500670193,-0.0008819946622423142,9.92942780486847,0.8451399550154093,0.03700141296556112,0.8538977204154128,-0.8538977204154128,0.08518313791444916,positive_from_right,-0.018813244187158056,-0.005373129036537094,-0.8893498077744575,0.889273526995124,0.022503163879161802,-0.003477220446492283,-0.007529210972795178,-0.010197941292916029,-0.00015892300927233035,0.0023243544452547075,-0.004604983464949078,0.0,0.0,0.0,-0.0007922486889161214
0.33817152510493564,9.927333853353593,-0.009676804184499961,0.03716875258561168,-0.007999051386629064,-0.0051955612752127515,0.0019018027409824286,3.369053260238411,-0.0007012593980464544,0.009094113286368843,-0.0008744231660970907,-0.0008209436025835517,0.00014354239651983254,9.967563749549457,0.0037440645652770947,0.08979764931221898,9.92740815080393,0.0037440645652770947,-0.0009747565094439565,9.927333853353593,0.8938613702489772,0.03716875258561168,0.9035381744334772,-0.9035381744334772,0.09010913763890539,positive_from_right,-0.018772918367892563,-0.005663716518162446,-0.8894154536535972,0.8893389328850728,0.022521658655081774,-0.003658782986704898,-0.008000616388821458,-0.010833860352723951,-0.00016288964277528432,0.0025757885927163784,-0.004604983464949078,0.0,0.0,0.0,-0.0008744231660970907
0.34891749697342683,9.925217271437528,-0.010674664882856883,0.03727068469777949,-0.008485042192213863,-0.0053164833898434564,0.00210251829332499,3.4757203670922907,-0.0007937391214346026,0.00958480540650248,-0.0009630037708150719,-0.0008774128439044001,0.00016509867630285174,9.970085161702592,0.003755132859403077,0.09483249998366207,9.925292990015459,0.003755132859403077,-0.0010755014437859917,9.925217271437528,0.9440715769593663,0.03727068469777949,0.9547462418422231,-0.9547462418422231,0.095186103948993,positive_from_right,-0.018734061905577238,-0.005961598731015054,-0.8894426663801376,0.8893660466357313,0.02253922050166668,-0.0038446252129181015,-0.008486891460560052,-0.011489176645641185,-0.0001666386026177496,0.0028469161997649608,-0.004604983464949078,0.0,0.0,0.0,-0.0009630037708150719
0.3598389954658759,9.923075625450807,-0.011757917923408091,0.03730283322132426,-0.008986001642484172,-0.005430101322445674,0.002318902210002122,3.5841065149515523,-0.0008965778663302804,0.010090490119032878,-0.0010584246356726665,-0.0009360814882845798,0.00018929081364776136,9.972984850325878,0.0037591830310173702,0.10001579437743838,9.923152705587885,0.0037591830310173702,-0.0011848976856020789,9.923075625450807,0.9957938818084761,0.03730283322132426,1.0075517997318841,-1.0075517997318841,0.10041629939381795,positive_from_right,-0.01869678629952911,-0.006266758886798318,-0.8894289063544542,0.889352337422401,0.022555758992251672,-0.004034749230255513,-0.008988177703325578,-0.012163963346396979,-0.00017015032998960437,0.003138998033673511,-0.004604983464949078,0.0,0.0,0.0,-0.0010584246356726665
0.37095149915232123,9.92090605042134,-0.012933953786930324,0.03726033866454086,-0.009502121419060485,-0.005535753391957247,0.0025520329095665645,3.6943642393177045,-0.001010900406092384,0.010611562045775192,-0.0011611699604945954,-0.000996989929040507,0.0002164103947878552,9.976286279959178,0.0037557218346560006,0.10534992959881218,9.92098445121676,0.0037557218346560006,-0.001303696978293155,9.92090605042134,1.0490580277456385,0.03726033866454086,1.061991981532569,-1.061991981532569,0.10580263053950568,positive_from_right,-0.018661225351580053,-0.006579201034779769,-0.889371349922561,0.8892949912331889,0.022571175138533687,-0.004229172659630256,-0.009504672177900271,-0.012858355860838574,-0.0001734034976985162,0.003453433804155989,-0.004604983464949078,0.0,0.0,0.0,-0.0011611699604945954
0.38227338977682623,9.918705122635938,-0.014211181678017715,0.037137776375708725,-0.010033671749130915,-0.005632709262527473,0.002803127642877734,3.8066747238830865,-0.001137994443442314,0.011148499520338346,-0.0012717872908146381,-0.0010601874131842455,0.00024678958576844945,9.980014623901688,0.003744198700460215,0.11083814336590818,9.918784828895282,0.003744198700460215,-0.0014327547966062892,9.918705122635938,1.1039027896753486,0.037137776375708725,1.1181139713533663,-1.1181139713533663,0.11134891385037918,positive_from_right,-0.01862753715942632,-0.006898962407013496,-0.8892668413572152,0.8891908630004771,0.022585360210303655,-0.004427936426319178,-0.010036651183253387,-0.013572582177270535,-0.000176374655837095,0.0037918003735404335,-0.004604983464949078,0.0,0.0,0.0,-0.0012717872908146381
0.39382689200026233,9.916468680534418,-0.015599305914391647,0.03692903935270511,-0.01058103585283243,-0.005720154753791647,0.0030735839731502496,3.921257082051158,-0.0012793520231742077,0.011701900518086037,-0.0013909062083722829,-0.0011257361909040686,0.000280811304100813,9.98419731366844,0.003723993876246761,0.1164848825110903,9.916549711684631,0.003723993876246761,-0.0015730584529274503,9.916468680534418,1.1603797448665567,0.03692903935270511,1.1759790507809484,-1.1759790507809484,0.11706026158582147,positive_from_right,-0.018595906733242247,-0.007226131577103155,-0.8891118238066184,0.889036407771657,0.022598194112567763,-0.004631116156059842,-0.010584504852243251,-0.014307007316219936,-0.00017903776381830141,0.004155905811348862,-0.004604983464949078,0.0,0.0,0.0,-0.0013909062083722829
0.4056394455554051,9.914191564415809,-0.017109722811075232,0.03662716510935804,-0.011144761702009422,-0.005797171102691788,0.0033650400808279,4.038381910417558,-0.0014367282192103495,0.012272537111633574,-0.0015192654651350244,-0.001193717825315145,0.0003189236616766602,9.988864887560897,0.0036944009236398335,0.1222963544200785,9.914273985914058,0.0036944009236398335,-0.0017257674468440444,9.914191564415809,1.2185589098559977,0.03662716510935804,1.235668632667073,-1.235668632667073,0.12294365806772589,positive_from_right,-0.018566549583776945,-0.0075608758720373676,-0.888902237018388,0.8888275787686585,0.022609543072964002,-0.004838839320501233,-0.011148789121210222,-0.01506220022702354,-0.0001813635473082816,0.004547868211507,-0.004604983464949078,0.0,0.0,0.0,-0.0015192654651350244
0.41774578772536425,9.911867222903174,-0.01875611264573111,0.03622407065685326,-0.011725642579415786,-0.005862705362949623,0.003679465763511648,4.15839186044709,-0.001612227556869653,0.012861440670556864,-0.0016577538708548078,-0.0012642431153013225,0.0003616612747783583,9.99405233626625,0.003654599942806814,0.12828138186427365,9.911951161074132,0.003654599942806814,-0.0018922736335433184,9.911867222903174,1.2785374739410897,0.03622407065685326,1.297293586586821,-1.297293586586821,0.1290088513300015,positive_from_right,-0.018539716881231693,-0.007903484170930886,-0.8886333604494728,0.8885596710203059,0.022619256213104216,-0.005051311953440386,-0.011730306601843555,-0.015839038009405913,-0.00018331857431579378,0.004970234909332571,-0.004604983464949078,0.0,0.0,0.0,-0.0016577538708548078
0.430191263652273,9.9094870892812,-0.02055536422106068,0.035710129016389494,-0.012324848019349067,-0.0059155259132138305,0.004019306122571594,4.2817343424812115,-0.001808437348699513,0.013470040705484087,-0.0018074747647519307,-0.0013374683633995696,0.00040967820375465336,9.999801315058141,0.003603614810413788,0.13445278714690817,9.909572751079807,0.003603614810413788,-0.0020742951767949995,9.9094870892812,1.3404539360579957,0.035710129016389494,1.3610093002790564,-1.3610093002790564,0.13526979444058645,positive_from_right,-0.01851570327414199,-0.008254436622626083,-0.8882995621133851,0.8882270710548047,0.022627160224909713,-0.005268862124216761,-0.012330238008986676,-0.016638875415520695,-0.00018486385775441517,0.005426171075320113,-0.004604983464949078,0.0,0.0,0.0,-0.0018074747647519307
0.44303740532195535,9.907039532888081,-0.022529105067894236,0.03507345479413533,-0.012944148926745464,-0.005954151348313308,0.004387721831782882,4.409016648735443,-0.002028645787968039,0.014100403725602683,-0.0019698536790009403,-0.0014136235365147672,0.0004638019259679163,10.006163965562587,0.0035402410729048475,0.1408297634027617,9.907127233159652,0.0035402410729048475,-0.0022740320130002585,9.907039532888081,1.4045123183100676,0.03507345479413533,1.4270414233779618,-1.4270414233779618,0.14174711088452252,positive_from_right,-0.018494859468523098,-0.008614524729687026,-0.88789387422048,0.8878228339787458,0.022633050632388726,-0.005492014780799111,-0.012950368085814004,-0.017463836402488817,-0.00018595260908692236,0.005919775543647961,-0.004604983464949078,0.0,0.0,0.0,-0.0019698536790009403
0.45637206738296604,9.904507957393907,-0.024706430622352723,0.03429861043676841,-0.0135863339535865,-0.005976727767740597,0.004789021842062585,4.541106110576671,-0.0022772265597590514,0.014755674692318902,-0.002146831982751922,-0.0014930646245079385,0.000525128669483438,10.013209980555557,0.0034629154203015306,0.14744224663310507,9.904598158455052,0.0034629154203015306,-0.0024944430706523068,9.904507957393907,1.4710267985119387,0.03429861043676841,1.4957332291342915,-1.4957332291342915,0.14847263340845746,positive_from_right,-0.018477613997174656,-0.008985073863774465,-0.8874072236256529,0.8873379165468925,0.022636676391582615,-0.005721630407367277,-0.013593503419077627,-0.0183173536487888,-0.00018652634180705663,0.006456650264339893,-0.004604983464949078,0.0,0.0,0.0,-0.002146831982751922
0.4703297838193006,9.901866986330358,-0.027129284835936955,0.0333640264218042,-0.014256059262019276,-0.005980794512046443,0.005229524252289325,4.679331274541891,-0.0025603890133016334,0.015440976495715311,-0.0023412516712118126,-0.0015763809038610425,0.0005952096190776223,10.021040953839119,0.0033694554981003808,0.15433981377289502,9.901960360016284,0.0033694554981003808,-0.0027397927067399144,9.901866986330358,1.5405125203265033,0.0333640264218042,1.5676418051624403,-1.5676418051624403,0.1554986289732628,positive_from_right,-0.01846451468073273,-0.00936839830427338,-0.886826895291057,0.8867596458780203,0.022637710017345748,-0.0059591885535402395,-0.014264325041764427,-0.019205270283176413,-0.00018650739914384738,0.007045034316405938,-0.004604983464949078,0.0,0.0,0.0,-0.0023412516712118126
0.48513880858296704,9.89907365652858,-0.02986467360459863,0.032236099014162085,-0.01496183998949675,-0.005962768857040266,0.0057195266880976274,4.82594683072478,-0.0028878641486654944,0.01616551364302398,-0.002557735103691831,-0.001664646977873518,0.000676469903683563,10.029823760790032,0.003256464815059352,0.1616124875807036,9.899171193700374,0.003256464815059352,-0.003016890840974843,9.89907365652858,1.6138978434369795,0.032236099014162085,1.6437625170415782,-1.6437625170415782,0.1629193412340526,positive_from_right,-0.018456319125603703,-0.009768869961191803,-0.8861330126783391,0.8860682119081494,0.022635681101386144,-0.006207453692578014,-0.014971386347795953,-0.02013842363290899,-0.00018578245363688316,0.007698401500450292,-0.004604983464949078,0.0,0.0,0.0,-0.002557735103691831
0.5012549391708814,9.896042380418558,-0.03303888844226281,0.03085256486478149,-0.015721779918161448,-0.0059165409283809325,0.006278865748141623,4.985456374746005,-0.003277589748934215,0.016948613203653456,-0.00280516491737186,-0.001760149182348218,0.0007733740012619019,10.039885879044983,0.0031176569095611316,0.16945048856599207,9.896145625643776,0.0031176569095611316,-0.003338567465312059,9.896042380418558,1.6931337184191662,0.03085256486478149,1.726172606861429,-1.726172606861429,0.17093279854854787,positive_from_right,-0.01845423892346647,-0.010195999188320936,-0.8852886138380964,0.8852267775419735,0.02262979356771521,-0.006472394518771495,-0.015732860839468912,-0.021140083806945494,-0.00018415737612895207,0.00844279393422497,-0.004604983464949078,0.0,0.0,0.0,-0.00280516491737186
0.5198464391290604,9.892554278467065,-0.036962335315968146,0.029061380344825073,-0.01658432114431916,-0.005828260189173949,0.006957185513507015,5.16940536939538,-0.003772808242765505,0.017841612717697217,-0.003105724720982979,-0.0018690201446943393,0.000896681134718283,10.05206417845343,0.0029376939389342068,0.17836058697459303,9.892666017332061,0.0029376939389342068,-0.0037363458194291164,9.892554278467065,1.783401113463271,0.029061380344825073,1.820363448779239,-1.820363448779239,0.18006467352279537,positive_from_right,-0.018460860312498148,-0.010675566936916063,-0.8842031844673598,0.884145136833725,0.02261824453568365,-0.006770121307601019,-0.016597358047690147,-0.022272871668309945,-0.00018118978120144493,0.009343553996965742,-0.004604983464949078,0.0,0.0,0.0,-0.003105724720982979
0.5361605187564734,9.889498964682124,-0.04064119088349624,0.02732556157517779,-0.017325508681769436,-0.005719685263951229,0.007580815862330734,5.330767707985718,-0.004249882928472707,0.018613002410796477,-0.0033825784576866484,-0.0019628716025949055,0.0010155378502315897,10.063171294276277,0.00276308154059566,0.18603391165744068,9.889620223505078,0.00276308154059566,-0.004109490997234226,9.889498964682124,1.8613113762027753,0.02732556157517779,1.9019525670862716,-1.9019525670862716,0.18795039329978294,positive_from_right,-0.018474706971031662,-0.011083112267475662,-0.8831574364381837,0.8831030180979461,0.022603957009988962,-0.007023408364362531,-0.01734042676014332,-0.023242610143873996,-0.00017761812779649256,0.010169857110518862,-0.004604983464949078,0.0,0.0,0.0,-0.0033825784576866484
0.5524745983838865,9.886446647894683,-0.044544946657931926,0.025445904031173913,-0.018049034281430478,-0.005581989876208193,0.00823013290767376,5.492080340229509,-0.004768818013631808,0.019370166643226067,-0.0036714157143317894,-0.0020546438823590175,0.0011447986821061804,10.074586294055768,0.002573811274016509,0.19354493772276277,9.886579745694299,0.002573811274016509,-0.004505612508929684,9.886446647894683,1.937734290524986,0.025445904031173913,1.9822792371829179,-1.9822792371829179,0.19569106113265908,positive_from_right,-0.018496055363679965,-0.011476783520784767,-0.882030237586296,0.8819797107780215,0.02258586820931347,-0.007268354262555103,-0.018065986290924835,-0.024185803335971968,-0.00017314575362208955,0.011028422508937291,-0.004604983464949078,0.0,0.0,0.0,-0.0036714157143317894
0.5674859655885403,9.883638922554324,-0.04833875631019689,0.02359856906939183,-0.01869676479257441,-0.005429711884778923,0.008849477589630842,5.640467976741482,-0.005285032563426287,0.02005207742842504,-0.003947510453532238,-0.0021368357768817912,0.0012732813327070154,10.085286324729498,0.002387635203056078,0.2002917390838057,9.883785301151303,0.002387635203056078,-0.004890732400842234,9.883638922554324,2.006520622341795,0.02359856906939183,2.054859378651992,-2.054859378651992,0.20266489220103218,positive_from_right,-0.0185222481723809,-0.01182563868833067,-0.8809266794639141,0.8808799441411223,0.0225659641811663,-0.00748567094999015,-0.01871572035489748,-0.02502718480890769,-0.0001682436084965514,0.011845766556679358,-0.004604983464949078,0.0,0.0,0.0,-0.003947510453532238
0.5816468907200851,9.880989508882372,-0.05209715628622796,0.021761363201148905,-0.019289978938979362,-0.005263867933784784,0.009452188282500495,5.780410478862465,-0.005807468993570096,0.020680573964391203,-0.004216778162372766,-0.0022120468566668417,0.0014031532086841998,10.095485899236174,0.0022023429939301616,0.20649473854927203,9.881150810774269,0.0022023429939301616,-0.005272401833827827,9.880989508882372,2.069881230917494,0.021761363201148905,2.121978387203722,-2.121978387203722,0.20909626887692342,positive_from_right,-0.018552588815649397,-0.012142097202282123,-0.8798326838931045,0.8797896910303157,0.022544431780215674,-0.007683025137576677,-0.019310936570343287,-0.025795164123395428,-0.0001629400254456502,0.012639762274682715,-0.004604983464949078,0.0,0.0,0.0,-0.004216778162372766
0.5952507261478788,9.878442340146279,-0.055873495564475385,0.019918588709476773,-0.01984188842183493,-0.005084629437961242,0.010047337018545462,5.914812459777761,-0.006343024430752001,0.021269374376308953,-0.004483269512829641,-0.0022818807166023196,0.0015360751236223615,10.10532081225134,0.0020163666526609716,0.2122917924593241,9.878620433303299,0.0020163666526609716,-0.005656032018659037,9.878442340146279,2.1291991219116237,0.019918588709476773,2.185072617476099,-2.185072617476099,0.2151260346815143,positive_from_right,-0.01858673361357205,-0.012433856314741164,-0.8787384278525453,0.8786991638501442,0.022521339579080243,-0.007865160307421968,-0.019864867072943427,-0.026507371578942916,-0.00015723862001852573,0.013422537717547735,-0.004604983464949078,0.0,0.0,0.0,-0.004483269512829641
0.6084449015940455,9.875968873634136,-0.05969255290005661,0.01806685779880606,-0.020358892300308434,-0.0048925949847638366,0.010638976799114165,6.045134163443765,-0.00689508023560951,0.021825203820293924,-0.004748814756272835,-0.002347090084878011,0.0016728320762694616,10.114838195831092,0.0018293736924185394,0.2177504394543381,9.876165794741032,0.0018293736924185394,-0.006044138746394914,9.875968873634136,2.185146247623385,0.01806685779880606,2.2448388005234414,-2.2448388005234414,0.2208231376864141,positive_from_right,-0.018624353596558813,-0.012704783007557159,-0.8776416038153817,0.8776060643710342,0.02249680785553637,-0.008034439699793101,-0.020383917233810764,-0.027172460966053157,-0.00015115772522874974,0.01419955356747455,-0.004604983464949078,0.0,0.0,0.0,-0.004748814756272835
0.6213178530616876,9.87355174183173,-0.06356800629943078,0.01620738994205329,-0.02084464236846157,-0.004688494406192099,0.011229196639551397,6.1722517730383695,-0.007465670297502683,0.022351991022811046,-0.005014376172106919,-0.002408088095490727,0.0018138724208874983,10.12405126440573,0.0016414939435050468,0.22290985603851465,9.873769673713378,0.0016414939435050468,-0.0064381130554775024,9.87355174183173,2.238107979119457,0.01620738994205329,2.3016759854188877,-2.3016759854188877,0.2262275601894931,positive_from_right,-0.018665136725266575,-0.012957191486441621,-0.8765427289403558,0.8765109093222623,0.022470970439147468,-0.008192260065394415,-0.020871739589244133,-0.027795460989375895,-0.0001447201780858459,0.014973665252656367,-0.004604983464949078,0.0,0.0,0.0,-0.005014376172106919
0.6339286423177057,9.871179172836483,-0.06750823209753576,0.01434350567846764,-0.021301430726345053,-0.0044731081074786,0.011819140763535857,6.296750584867881,-0.008056195345149736,0.022852298909750577,-0.005280499105762565,-0.002465122471191816,0.0019594852901990796,10.132957529917347,0.0014530681018276247,0.22779516916600664,9.871420432733926,0.0014530681018276247,-0.0068388089413582535,9.871179172836483,2.28832784030452,0.01434350567846764,2.355836072402056,-2.355836072402056,0.23136495273993068,positive_from_right,-0.018708784184847643,-0.013192623129780801,-0.8754436145026682,0.8754155051660264,0.022443964397700945,-0.008339536032741133,-0.021330624235284982,-0.028379603285281302,-0.00013795047294533211,0.015746478738970456,-0.004604983464949078,0.0,0.0,0.0,-0.005280499105762565
0.6463194738777664,9.868842628074114,-0.0715186611993333,0.01247963107387353,-0.021730778945068068,-0.004247244801122188,0.012409426628501303,6.419048925265541,-0.00866770906106443,0.023327930871427142,-0.005547496804650453,-0.0025183493892072385,0.002109871572683506,10.141546284477341,0.0012645479203802078,0.23242352534411378,9.869109659831746,0.0012645479203802078,-0.007246782095398324,9.868842628074114,2.3359688528128197,0.01247963107387353,2.407487514012153,-2.407487514012153,0.23625283253152132,positive_from_right,-0.018755006332562604,-0.013412178919801412,-0.8743467552892222,0.8743223396155461,0.022415927191912065,-0.00847690674874272,-0.021762089138334273,-0.028927099234112297,-0.00013087392820779165,0.016518906958121853,-0.004604983464949078,0.0,0.0,0.0,-0.005547496804650453
0.6585219762869511,9.86653561489288,-0.07560292334079008,0.010620819449466645,-0.02213373441339912,-0.004011734598764924,0.013000349492125888,6.539460344666263,-0.009301055405569933,0.023780235238643897,-0.005815540791902971,-0.0025678706461635483,0.0022651779378800147,10.149802275907012,0.0010764482855740748,0.23680713819417373,9.86683098283198,0.0010764482855740748,-0.007662405820373867,9.86653561489288,2.381144346370401,0.010620819449466645,2.456747269711191,-2.456747269711191,0.24090369331304856,positive_from_right,-0.018803519971460268,-0.013616686862912439,-0.873255035265157,0.873234288314111,0.022386995757143056,-0.008604840144240527,-0.022167177047366694,-0.029439530589691818,-0.00012351640239238138,0.01729144207668971,-0.004604983464949078,0.0,0.0,0.0,-0.005815540791902971
0.6705607135922993,9.86425302173273,-0.0797634682890646,0.008772490869779189,-0.022511036160098922,-0.0037674267610969597,0.013591994252156698,6.658228391552042,-0.009956942386726297,0.024210275372019995,-0.0060847102207618325,-0.002613754495141371,0.0024255150935059457,10.15770773166705,0.0008893211211993355,0.2409549897234914,9.864579405338723,0.0008893211211993355,-0.008085933946600675,9.86425302173273,2.4239351741763264,0.008772490869779189,2.503698642465391,-2.503698642465391,0.24532674034688498,positive_from_right,-0.018854046702027644,-0.013806795549350291,-0.8721715668660273,0.8721544546695259,0.02235730615937303,-0.00872369138168389,-0.022546621636112114,-0.02991806775596806,-0.0001159041876320635,0.01806430419651396,-0.004604983464949078,0.0,0.0,0.0,-0.0060847102207618325
0.6824553038379823,9.861990716426533,-0.08400193062979726,0.006940275990810933,-0.022863214889821674,-0.003515188806701438,0.014184301586891655,6.7755475947372785,-0.010635984952401034,0.024618932041143366,-0.00635502101662773,-0.002656048264069071,0.002590968389378841,10.165243569460266,0.0007037397463301047,0.24487385333033662,9.862350905471954,0.0007037397463301047,-0.008517537770170598,9.861990716426533,2.4644000828070367,0.006940275990810933,2.548402013436834,-2.548402013436834,0.2495289331339226,positive_from_right,-0.018906312007393164,-0.013983030360291377,-0.8710995945523469,0.8710860737243618,0.02232699341903695,-0.00883373813190289,-0.02290094774072578,-0.0303636011182151,-0.00010806396271649054,0.018837529087677787,-0.004604983464949078,0.0,0.0,0.0,-0.00635502101662773
0.6942217726232364,9.859745289153556,-0.08831935702827538,0.005129914789688689,-0.02319065684669241,-0.003255905852177066,0.014777109474906645,6.891576871279517,-0.011338731454362292,0.025006968560340154,-0.006626444129629298,-0.002694786457272028,0.0027616043540526908,10.17239016942611,0.0005202887271785851,0.24856894407440494,9.860142179088362,0.0005202887271785851,-0.00895732905948912,9.859745289153556,2.502582321528197,0.005129914789688689,2.590901678556472,-2.590901678556472,0.2535156479433565,positive_from_right,-0.018960044817584502,-0.014145829083567976,-0.8700424322737372,0.8700324498161999,0.02229619136934747,-0.00893520307491636,-0.023230535363251596,-0.030776824543293155,-0.00010002276376140368,0.0196110230327996,-0.004604983464949078,0.0,0.0,0.0,-0.006626444129629298
0.7058734575521629,9.857513880399985,-0.09271635447539724,0.0033471863507490984,-0.02349364643169407,-0.002990479794890165,0.015370180519102213,7.006448486882604,-0.01206568074046626,0.025375074023393174,-0.006898917507297693,-0.0027299962021036157,0.0029374749140144013,10.179127892956616,0.00033955683580240014,0.2520443501954745,9.857950467938153,0.00033955683580240014,-0.009405375058017073,9.857513880399985,2.538514044718403,0.0033471863507490984,2.6312303991938,-2.6312303991938,0.2572911173103711,positive_from_right,-0.019014977379387565,-0.014295565415054615,-0.869003420183825,0.8689969134208526,0.022265032506343315,-0.009028268880744216,-0.023535662394268988,-0.031158290785139826,-9.180795700089545e-05,0.02038459867976081,-0.004604983464949078,0.0,0.0,0.0,-0.006898917507297693
0.7174216346212188,9.855294061592485,-0.09719319054384062,0.0015978573461878495,-0.023772395674618772,-0.0027198282224820567,0.015963220630512098,7.120274262397618,-0.012817293585949923,0.025723892957916664,-0.007172354243109879,-0.0027617010490900637,0.003118620215265578,10.185437446592488,0.00016213187777055875,0.25530332944732526,9.855773440471138,0.00016213187777055875,-0.009861708626097181,9.855294061592485,2.5722193500633455,0.0015978573461878495,2.669412540607186,-2.669412540607186,0.2608587317433765,positive_from_right,-0.019070845314690242,-0.014432564961821385,-0.8679858929763382,0.867982789576128,0.022233647820055085,-0.009113088531457533,-0.023816534169677748,-0.0315084495182599,-8.34472082306087e-05,0.021157999314404454,-0.004604983464949078,0.0,0.0,0.0,-0.007172354243109879
0.7288759645589599,9.853083749862375,-0.10174986300692401,-0.00011235756591348382,-0.02402706521957407,-0.002444883042560695,0.016555892200842234,7.233149997015577,-0.013594000515160779,0.02605404618035851,-0.007446648283385972,-0.0027899237044770645,0.0033050705558210426,10.191300146561213,-1.1403289443285516e-05,0.258348518297731,9.853609106771394,-1.1403289443285516e-05,-0.010326335279366572,9.853083749862375,2.603716436725088,-0.00011235756591348382,2.705466299732012,-2.705466299732012,0.26422125261945073,positive_from_right,-0.01912738778668035,-0.014557116410905898,-0.8669931556445283,0.8669933737032978,0.02220216660818974,-0.009189792635092434,-0.024073304528377564,-0.031827674173024775,-7.496844757908712e-05,0.021930915731766167,-0.004604983464949078,0.0,0.0,0.0,-0.007446648283385972
0.7402448176803441,9.850881145859,-0.10638614882470646,-0.0017778272888506273,-0.0242577796339814,-0.002166588874855711,0.01714782359381123,7.345158688155688,-0.01439620716774288,0.026366145728260078,-0.0077216784999954045,-0.002814688043896751,0.00349684771594713,10.196698116864983,-0.00018047393357255084,0.26118208294393963,9.851455756545423,-0.00018047393357255084,-0.010799238136669692,9.850881145859,2.6330191750094953,-0.0017778272888506273,2.7394053238342018,-2.7394053238342018,0.26738096574287296,positive_from_right,-0.0191843477164251,-0.014669479475802237,-0.8660284642598668,0.8660319124309059,0.02217071627843325,-0.009258494730142066,-0.024306091185138587,-0.032116281300621066,-6.639983018351575e-05,0.022702998153251778,-0.004604983464949078,0.0,0.0,0.0,-0.0077216784999954045
0.7515364441933112,9.848684506327636,-0.11110203160011649,-0.003393161430957142,-0.02446465493697427,-0.0018858779812083802,0.01773866486005598,7.456382073486055,-0.015224367416272283,0.026660829338753186,-0.007997334430607416,-0.0028360222502633956,0.00369398237029394,10.20161482765745,-0.00034452939319159104,0.2638060387113123,9.849311736367582,-0.00034452939319159104,-0.011280421501439637,9.848684506327636,2.660140423578763,-0.003393161430957142,2.7712424551788795,-2.7712424551788795,0.27034003051583094,positive_from_right,-0.01924147673262976,-0.014769898456105483,-0.8650949345105319,0.8651015124211022,0.022139419568413497,-0.009319299916449635,-0.024515003483864366,-0.03237456493199045,-5.77689786454078e-05,0.023473928359020842,-0.004604983464949078,0.0,0.0,0.0,-0.007997334430607416
0.7627575350254489,9.84649242260647,-0.11589707057706224,-0.004952990452392286,-0.024647773143338048,-0.001603708090940235,0.018328008489790236,7.566886462313859,-0.016078873180961052,0.026938723209908626,-0.008273479283906336,-0.0028539562692093063,0.003896487706566673,10.206034414799019,-0.0005030207531840711,0.2662219189870496,9.847175721572627,-0.0005030207531840711,-0.011769846477179323,9.84649242260647,2.6850886233979145,-0.004952990452392286,2.800985693974977,-2.800985693974977,0.273100104120285,positive_from_right,-0.019298527209951732,-0.014858589873264124,-0.8641956686388584,0.8642052668644815,0.02210839886506181,-0.009372297635712791,-0.02470011669652416,-0.03260276459116919,-4.910416309121298e-05,0.024243315724410148,-0.004604983464949078,0.0,0.0,0.0,-0.008273479283906336
0.7739135274018775,9.844303763797827,-0.1207704576679791,-0.006452018473513725,-0.0248071980996605,-0.0013210573811606799,0.018915401277682212,7.676725761876381,-0.01696005974090206,0.02720045642862534,-0.008549954934106626,-0.0028685239172516583,0.004104360936244168,10.209941969056707,-0.0006554061825482969,0.2684309294071741,9.84504665940755,-0.0006554061825482969,-0.0122674367145015,9.844303763797827,2.707869418756952,-0.006452018473513725,2.8286398764249308,-2.8286398764249308,0.27566249833601664,positive_from_right,-0.019355253140596548,-0.014935750144715194,-0.863333723913493,0.8633462240395283,0.022077775559544325,-0.00941756687750126,-0.024861487945853803,-0.032801084997386896,-4.0434160435375494e-05,0.025010711914193406,-0.004604983464949078,0.0,0.0,0.0,-0.008549954934106626
0.7850094667848462,9.84211750920156,-0.12572134510799052,-0.007885148977945055,-0.024942994745833717,-0.0010389033057289349,0.01950038700719546,7.785949975446891,-0.017868261896453665,0.027446685014085755,-0.008826601598314969,-0.0028797650335313165,0.00431759671134167,10.21332394979255,-0.0008011637011558243,0.27043417372568473,9.84292360516539,-0.0008011637011558243,-0.012773111815068608,9.84211750920156,2.72848801773066,-0.007885148977945055,2.8542093628386507,-2.8542093628386507,0.2780284281437153,positive_from_right,-0.019411414162579178,-0.015001564701268798,-0.8625120396536315,0.8625273145649961,0.022047667725171926,-0.009455182067090813,-0.024999175653309492,-0.03296971982129234,-3.17876221919786e-05,0.02577566577651597,-0.004604983464949078,0.0,0.0,0.0,-0.008826601598314969
0.796049994690801,9.83993275012504,-0.13074882043289496,-0.009247483674187762,-0.025055230349906865,-0.0007582223506608558,0.020082504047239314,7.894605087462249,-0.018803809190235648,0.027678091706234625,-0.009103256566907329,-0.002887725674168758,0.004536185974850021,10.21616818461709,-0.0009397910724124124,0.2722326598027309,9.840805723973126,-0.0009397910724124124,-0.013286784762989329,9.83993275012504,2.746949277552242,-0.009247483674187762,2.877698097985137,-2.877698097985137,0.28019901561988364,positive_from_right,-0.019466775244261127,-0.015056208312487461,-0.8617334377684878,0.8617513519227918,0.02201819017167611,-0.009485213559018891,-0.0251132408024543,-0.03310885290955304,-2.31930876919484e-05,0.026537719401091897,-0.004604983464949078,0.0,0.0,0.0,-0.009103256566907329
0.8070393842434025,9.837748682515823,-0.13585190344735054,-0.010534329532245878,-0.02514397660104048,-0.00047998824871521,0.020661285776837356,8.002733418343238,-0.019767024922888836,0.027895386923535968,-0.009379754242707027,-0.002892458381083227,0.004760115726827007,10.218463894846044,-0.0010708065275801893,0.2738273170070939,9.838692283637638,-0.0010708065275801893,-0.013808361598587976,9.837748682515823,2.7632579064994394,-0.010534329532245878,2.89910980994679,-2.89910980994679,0.28217530674768637,positive_from_right,-0.019521106631148557,-0.015099845830723845,-0.8610006185865527,0.8610210282878971,0.021989454333755317,-0.009507728372161945,-0.025203749070194334,-0.03321866061348555,-1.4678950698172725e-05,0.027296407841494535,-0.004604983464949078,0.0,0.0,0.0,-0.009379754242707027
0.8179815807941598,9.835564598626695,-0.14102954787531938,-0.011741207229636945,-0.02520931160387095,-0.00020516975021703487,0.021236261570247703,8.110374028618859,-0.020758226028679872,0.028099309659739335,-0.009655926442138361,-0.002894022417617307,0.004989368999412073,10.220201723297532,-0.0011937496352830515,0.2752190136441051,9.836582646584118,-0.0011937496352830515,-0.014337741569947571,9.835564598626695,2.7774186640094283,-0.011741207229636945,2.9184482118847477,-2.9184482118847477,0.28395828855194116,positive_from_right,-0.019574183834266606,-0.015132632897862472,-0.8603161558993663,0.8603389095770129,0.021961568119774042,-0.00952279088391579,-0.025270772860713876,-0.03329931403178335,-6.273413057657008e-06,0.028051259550466494,-0.004604983464949078,0.0,0.0,0.0,-0.009655926442138361
0.8288802414041582,9.83337987889215,-0.1462806449399789,-0.012863859729356457,-0.02525132162920963,6.527183239006149e-05,0.021806957968353066,8.217563111260278,-0.021777723357558808,0.02829062814449034,-0.00993160278780887,-0.002892483953885196,0.005223924929523113,10.221373759836746,-0.0013081821865562132,0.2764085727183987,9.83447626203715,-0.0013081821865562132,-0.01487481748176675,9.83337987889215,2.78943654109411,-0.012863859729356457,2.935717186034089,-2.935717186034089,0.28554890467903427,positive_from_right,-0.019625787621136412,-0.015154716554499213,-0.8596824919588537,0.8597074304526088,0.02193463574541823,-0.009530463444680198,-0.025314393095284705,-0.033350980993749973,1.9955681204069383e-06,0.02880179704704081,-0.004604983464949078,0.0,0.0,0.0,-0.00993160278780887
0.8397387709381009,9.831193984446477,-0.15160402762173059,-0.01389826041011089,-0.02527010259019226,0.00033038518711971847,0.022372899872035612,8.324334350145167,-0.02282582215075641,0.028470140225666546,-0.010206611117616664,-0.0028879161987961878,0.005463758876846934,10.221973562853798,-0.0014136890364957056,0.2773967856117067,9.832372658857585,-0.0014136890364957056,-0.015419476113959258,9.831193984446477,2.7993169163606546,-0.01389826041011089,2.950920943982385,-2.950920943982385,0.2869480689140214,positive_from_right,-0.019675703991861176,-0.015166235745611746,-0.8591019327600367,0.8591288896131569,0.021908757565000787,-0.009530806908086735,-0.025334700726123455,-0.03337382775155146,1.0100336333298802e-05,0.029547537607616164,-0.004604983464949078,0.0,0.0,0.0,-0.010206611117616664
0.8505613561417866,9.829006247441571,-0.156998978553068,-0.014840703504182585,-0.02526575978518123,0.0005892552866307021,0.022933663429036213,8.430729087932004,-0.023902923836700514,0.02863868863009762,-0.010480803259547235,-0.002880398649897658,0.005708865533015188,10.221996151273718,-0.001509887353087938,0.278184487515083,9.830271244375338,-0.001509887353087938,-0.015971650197098536,9.829006247441571,2.8070663080748166,-0.014840703504182585,2.9640652866278847,-2.9640652866278847,0.2881567799410953,positive_from_right,-0.01972372849255495,-0.015167321357023342,-0.8585765976659877,0.8586053995888504,0.02188402767024549,-0.009523880107237878,-0.025331796644234225,-0.03336801854082533,1.8014316807304732e-05,0.030288062303115856,-0.004604983464949078,0.0,0.0,0.0,-0.010480803259547235
0.8613516687080952,9.82681613048351,-0.16246459752105089,-0.015687668563929613,-0.02523840295910613,0.0008409722967697094,0.023488807209059104,8.536783572407789,-0.025009403919144062,0.028797137660661335,-0.010754021731677296,-0.002870017254573267,0.005959230720146504,10.221437850027291,-0.0015964128186352683,0.2787724154709041,9.82817155480731,-0.0015964128186352683,-0.01653125371646559,9.82681613048351,2.812690945819442,-0.015687668563929613,2.9751555433404926,-2.9751555433404926,0.2891759308428473,positive_from_right,-0.019769659677387655,-0.015158093550941536,-0.8581084959781894,0.8581389630438546,0.021860537108401554,-0.009509739068939347,-0.025305786572536945,-0.03333370949831907,2.571104443391323e-05,0.03102292475627108,-0.004604983464949078,0.0,0.0,0.0,-0.010754021731677296
0.8721137198008048,9.824623053383746,-0.1680002208747794,-0.016435891231199606,-0.025188145777761725,0.0010846528499933563,0.02403791547072399,8.6425373584871,-0.02614569674290614,0.028946386065840574,-0.011026120881846685,-0.002856863774870784,0.006214850529502217,10.220296270749694,-0.0016729268704694978,0.27916126834923977,9.826073089175244,-0.0016729268704694978,-0.017098224837145033,9.824623053383746,2.8161973621002088,-0.016435891231199606,2.9841975829749883,-2.9841975829749883,0.29000640164687097,positive_from_right,-0.019813302431996284,-0.015138661751841495,-0.8576994876221654,0.8577314335979646,0.021838371973568305,-0.009488436528115863,-0.025256780673977814,-0.0332710480197107,3.316479352883382e-05,0.031751707607882276,-0.004604983464949078,0.0,0.0,0.0,-0.011026120881846685
0.8828502336285114,9.822426724451274,-0.17360457633252244,-0.01708225080662001,-0.025115114052156967,0.0013194044965106854,0.024580514505528225,8.748017328019067,-0.02731212243007209,0.02908734426995743,-0.011296925346203095,-0.00284103781584188,0.006475692301721181,10.218570486253295,-0.001739105219529057,0.27935165328159556,9.823975626467668,-0.001739105219529057,-0.017672439327871717,9.822426724451274,2.8175919190009893,-0.01708225080662001,2.9911964953335115,-2.9911964953335115,0.29064893793272967,positive_from_right,-0.019854461025236293,-0.015109127864145179,-0.8573513445707147,0.8573845770264532,0.021817616735099677,-0.009460025465105997,-0.025184901609697934,-0.03318018309510486,4.034947018413793e-05,0.032473910736442076,-0.004604983464949078,0.0,0.0,0.0,-0.011296925346203095
0.893563830569153,9.820226901488482,-0.17927636261415836,-0.017623880296552513,-0.025019446802323778,0.001544356193674685,0.02511613390520269,8.853249323572662,-0.028509001958756892,0.029220952456725426,-0.011566259801858072,-0.002822646096422151,0.006741720856846435,10.216261061609424,-0.0017946491005296995,0.2793441855827693,9.82187899600005,-0.0017946491005296995,-0.018253769863344767,9.820226901488482,2.816881801049193,-0.017623880296552513,2.9961581636633516,-2.9961581636633516,0.2911042951704433,positive_from_right,-0.019892944234804914,-0.01506958708237868,-0.8570656892691989,0.857100009901127,0.021798351399712024,-0.009424558949474119,-0.025090285787615216,-0.03306126671925134,4.723952408938448e-05,0.03318903125864533,-0.004604983464949078,0.0,0.0,0.0,-0.011566259801858072
0.9042570117058248,9.818023394730726,-0.1850142358137667,-0.018058168302781858,-0.02490129681291614,0.0017586598981812207,0.025644305647624013,8.958257998033764,-0.02973665439977033,0.029348179508262164,-0.011833948388410186,-0.0028018024103874262,0.0070128978546782315,10.213370057449179,-0.001839285486837244,0.27913949348769546,9.819783080311707,-0.001839285486837244,-0.0188420846137192,9.818023394730726,2.8140750618057644,-0.018058168302781858,2.999089297619531,-2.999089297619531,0.2913732417066871,positive_from_right,-0.01992856509457643,-0.015020128183777884,-0.8568439935146837,0.856879198475743,0.02178065145722366,-0.009382090451730907,-0.024973083937712293,-0.03291445478656502,5.3809978008266846e-05,0.033896561496900096,-0.004604983464949078,0.0,0.0,0.0,-0.011833948388410186
0.9149321741020056,9.815816063554522,-0.19081681201718667,-0.018382763002476158,-0.02476083102700196,0.0019614928439573923,0.02616456480766261,9.063066966153675,-0.03099539746883596,0.029470022324188907,-0.012099814936055203,-0.0027786275318415527,0.007289181903742676,10.209901028735228,-0.0018727675205419787,0.2787382243582755,9.81768781206955,-0.0018727675205419787,-0.019437247497358673,9.815816063554522,2.809180680742714,-0.018382763002476158,2.999997492759901,-2.999997492759901,0.2914565644558238,positive_from_right,-0.01996114078600979,-0.01496083380684081,-0.8566875761903854,0.8567234564328525,0.021764587763043335,-0.009332674101413153,-0.02483346152666075,-0.0327399078525578,6.00364794929474e-05,0.03459598911971053,-0.004604983464949078,0.0,0.0,0.0,-0.012099814936055203
0.9255916236561597,9.813604813680373,-0.19668266933812348,-0.01859557553718863,-0.02459823085397474,0.0021520597083476483,0.026676450172240258,9.167698932133048,-0.032285548001173815,0.02958750503688583,-0.012363683155511947,-0.0027532490970845797,0.007570528649268522,10.20585902024285,-0.0018948748838083444,0.27814105047701415,9.815593171425663,-0.0018948748838083444,-0.02003911837425003,9.813604813680373,2.8022086122471688,-0.01859557553718863,2.9988912815852924,-2.9988912815852924,0.29135507408844835,positive_from_right,-0.019990492535012123,-0.014891780742231598,-0.8565976013388045,0.8566339429702039,0.021750226431313382,-0.009276364932908215,-0.024671599083320412,-0.032537791857598794,6.589535065345607e-05,0.03528679718296502,-0.004604983464949078,0.0,0.0,0.0,-0.012363683155511947
0.9362375866887112,9.81138959463898,-0.20261034986675952,-0.018694782911259575,-0.02441369239927589,0.002329594678098453,0.02717950480935768,9.27217580459323,-0.03360742244856364,0.029701678149828402,-0.012625376814733325,-0.00272580146408112,0.007856890862232197,10.201250558722467,-0.0019054141216677649,0.27734867457305584,9.81349918360272,-0.0019054141216677649,-0.02064755323067892,9.81138959463898,2.793169828194721,-0.018694782911259575,2.9957801780614806,-2.9957801780614806,0.2910696099014778,positive_from_right,-0.020016445523673373,-0.014813040241039648,-0.8565750765158417,0.8566116611691897,0.02173762873665211,-0.009213219121119692,-0.024487692442804146,-0.032308278822581867,7.136363651839721e-05,0.035968464142133526,-0.004604983464949078,0.0,0.0,0.0,-0.012625376814733325
0.9468722204851926,9.80917039745766,-0.20859836156691255,-0.018678830430874926,-0.024207426624715218,0.0024933634071997953,0.027673276594247117,9.376518801151267,-0.0349613374066513,0.029813617611274885,-0.012884719904409392,-0.0026964255515358714,0.008148218530603053,10.196083641760152,-0.0019042189193615726,0.2763618351629969,9.811405916662215,-0.0019042189193615726,-0.02126240435888632,9.80917039745766,2.7820763549376295,-0.018678830430874926,2.990674716504542,-2.990674716504542,0.2906010444546927,positive_from_right,-0.02003882882240313,-0.014724678345249043,-0.8566208514065542,0.8566574566260408,0.02172685102430175,-0.009143294209712306,-0.024281952917805744,-0.03205154752705028,7.641915191423701e-05,0.036640463843609986,-0.004604983464949078,0.0,0.0,0.0,-0.012884719904409392
0.9574976231704776,9.806947252491236,-0.21464518025941542,-0.01854643370822954,-0.023979659442339634,0.0026426648620081965,0.02815731870318566,9.480748546292812,-0.03634761020476567,0.029924423835983222,-0.013141536798284018,-0.0026652686588950637,0.00844445895904189,10.190367723227173,-0.001891150336653898,0.2751813117476872,9.809313479380567,-0.001891150336653898,-0.021883520545880445,9.806947252491236,2.7689413051275515,-0.01854643370822954,2.983586485386967,-2.983586485386967,0.2899502880268979,positive_from_right,-0.020057475348035994,-0.014626756242389658,-0.856735616688102,0.8567720163313304,0.02171794462834602,-0.009066649332611348,-0.02405460740007528,-0.031767784172666236,8.104052687865416e-05,0.037302265513596757,-0.004604983464949078,0.0,0.0,0.0,-0.013141536798284018
0.968115843812826,9.80472022721021,-0.22074925215265487,-0.01829658021922755,-0.023730631727006603,0.0027768330543402045,0.028631190107611986,9.584885171367366,-0.03776655966991404,0.03003522069238129,-0.013395652426686035,-0.002632484266543855,0.00874555689969589,10.184113694780198,-0.0018660969978802132,0.2738079297873397,9.807222019055075,-0.0018660969978802132,-0.02251074731884565,9.80472022721021,2.753778903524547,-0.01829658021922755,2.9745281556772016,-2.9745281556772016,0.2891182928562278,positive_from_right,-0.020072221853270213,-0.014519330638275884,-0.8569199031488411,0.856955867806672,0.02171095579762649,-0.008983345423453899,-0.023805898377151715,-0.0314571830122821,8.520725077196251e-05,0.03795333379387454,-0.004604983464949078,0.0,0.0,0.0,-0.013395652426686035
0.978728888523988,9.802489424836073,-0.22690899442901435,-0.01792853053926841,-0.023460599355308774,0.0028952386016929607,0.029094455873838198,9.688948375195153,-0.03921850648839116,0.030147154419008358,-0.013646892359373925,-0.00259823183154457,0.009051454590869614,10.17733386596826,-0.0018289752501674346,0.27224256605804525,9.805131720073073,-0.0018289752501674346,-0.023143926991210508,9.802489424836073,2.7366045134717725,-0.01792853053926841,2.9635135079007866,-2.9635135079007866,0.28810605754758006,positive_from_right,-0.020082908945932145,-0.014402454194299346,-0.8571740809745767,0.8572093784097732,0.021705925632065987,-0.00889344544848156,-0.02353608397183703,-0.0311199470772728,8.889971331828488e-05,0.0385931285609296,-0.004604983464949078,0.0,0.0,0.0,-0.013646892359373925
0.9893387297204546,9.800254982325164,-0.2331227979222858,-0.017441819182166533,-0.023169833122603234,0.0029972902087283065,0.029546687589155848,9.792957515578763,-0.04070377409391028,0.030261392551380925,-0.013895082968528615,-0.0025626765598054458,0.00936209190109442,10.170041939085786,-0.0017797292823845115,0.27048615362192946,9.803042801832332,-0.0017797292823845115,-0.023782898923918022,9.800254982325164,2.7174346555378635,-0.017441819182166533,2.9505574534601493,-2.9505574534601493,0.28691463123436356,positive_from_right,-0.020089381154580466,-0.014276175965324121,-0.8574983592704674,0.8575327548761339,0.02170289002339907,-0.008797014612419461,-0.023245437856426656,-0.030756288816569177,9.209924559188143e-05,0.03922110497112271,-0.004604983464949078,0.0,0.0,0.0,-0.013895082968528615
0.9999473139534645,9.798017068660842,-0.23938902925413477,-0.0168362550704348,-0.02285861863411041,0.003082435994372219,0.02998746369596144,9.896931686668392,-0.04222268949065944,0.030379122818655187,-0.01414005155762523,-0.0025259891695860936,0.009677406450259574,10.16225298105377,-0.0017183312074125312,0.2685396868754852,9.800955516916767,-0.0017183312074125312,-0.024427499731711527,9.798017068660842,2.6962870236089924,-0.0168362550704348,2.935676052863127,-2.935676052863127,0.28554511773287355,positive_from_right,-0.020091487034510882,-0.014140541878781528,-0.8578927857858727,0.8579260430645957,0.021701879604853935,-0.008694120569121201,-0.02293424913744429,-0.03036643076449877,9.478815869248645e-05,0.039836713438470284,-0.004604983464949078,0.0,0.0,0.0,-0.01414005155762523
1.01055656966542,9.795775883171503,-0.24570603315937994,-0.01611192164084328,-0.02252725614761753,0.003150164679949313,0.030416369790870694,10.000889795504873,-0.04377558418278622,0.030501552032143144,-0.014381626486820882,-0.002488345644615803,0.009997333743297426,10.153983391656325,-0.0016447811080794223,0.2664042265588583,9.798870149260797,-0.0016447811080794223,-0.025077563509459565,9.795775883171503,2.6731804972147137,-0.01611192164084328,2.9188865303740936,-2.9188865303740936,0.2839986796380459,positive_from_right,-0.02008907931992308,-0.013995595244485884,-0.8583572468443644,0.858389127908842,0.021702919708512448,-0.008584833628577808,-0.02260282218850476,-0.02995060620669665,9.694978064402566e-05,0.04043939962657094,-0.004604983464949078,0.0,0.0,0.0,-0.014381626486820882
1.021168414951391,9.793531653858778,-0.2520721350155699,-0.015269176582054799,-0.022176060368572934,0.0032000066340475905,0.030832998885760632,10.104850638513211,-0.045362795222546146,0.030629904974946,-0.01461963729412266,-0.002449926978618942,0.010321807317329413,10.145250868057019,-0.0015591070463183215,0.26408090471035106,9.796787012288195,-0.0015591070463183215,-0.025732922080220575,9.793531653858778,2.648135150048871,-0.015269176582054799,2.900207285064441,-2.900207285064441,0.2822765423500032,positive_from_right,-0.020082015124618637,-0.013841377294304697,-0.8588914674811271,0.8589217335769013,0.021706030330499337,-0.008469226959697256,-0.022251476432134296,-0.029509059841816423,9.856849141980742e-05,0.041028604454557596,-0.004604983464949078,0.0,0.0,0.0,-0.01461963729412266
1.0317847654562802,9.791284635709792,-0.25848564362512444,-0.01430865119396057,-0.021805360196307456,0.0032315347706613493,0.031236951629421725,10.208832979226157,-0.046984666398931764,0.03076542330359011,-0.014853914812639197,-0.0024109189129649477,0.010650758904909892,10.136074365485134,-0.001461365034367463,0.26157092953242256,9.794706447002172,-0.001461365034367463,-0.026393405270130964,9.791284635709792,2.621172254480663,-0.01430865119396057,2.8796578981057874,-2.8796578981057874,0.2803799980066206,positive_from_right,-0.020070156193004417,-0.013677927749565798,-0.8594950117945162,0.8595234238452197,0.0217112261042062,-0.008347376787477786,-0.02188054606934988,-0.029042048433714444,9.962975600005256e-05,0.04160376411928681,-0.004604983464949078,0.0,0.0,0.0,-0.014853914812639197
1.0424075425256834,9.789035108970609,-0.2649448542929558,-0.013231249353063934,-0.021415498419738048,0.0032443652971222807,0.03162783648724056,10.312855628392501,-0.04864154958954158,0.030909364473841527,-0.0150842912836518,-0.0023715116693293296,0.01098411861585581,10.126474053992611,-0.001351638966278207,0.25887559012674743,9.792628820007168,-0.001351638966278207,-0.027058841214664037,9.789035108970609,2.5923142817889384,-0.013231249353063934,2.857259136081894,-2.857259136081894,0.27831040928909656,positive_from_right,-0.020053369202449947,-0.013505285413521095,-0.860167283521743,0.8601936026970263,0.021718516281854453,-0.008219362582969026,-0.02149037975543961,-0.028549841447771767,0.00010012015534182619,0.04216431013412826,-0.004604983464949078,0.0,0.0,0.0,-0.0150842912836518
1.0530386817342172,9.78678337735772,-0.27144805224677376,-0.012038146062649937,-0.02100683136017679,0.003238158308398404,0.032005269875709695,10.416937527678849,-0.05033380630197227,0.031063000704730146,-0.015310600465032638,-0.0023318996794100566,0.011321815140486914,10.116471271187585,-0.0012300405074115895,0.25599626104498124,9.790554521443337,-0.0012300405074115895,-0.027729056701262262,9.78678337735772,2.561584897768907,-0.012038146062649937,2.833032950015681,-2.833032950015681,0.2760692130580006,positive_from_right,-0.020031526117289346,-0.013323488785434538,-0.8609075268520644,0.8609315151580894,0.021727904724793756,-0.008085267244065488,-0.0210813402196757,-0.02803272166353866,0.00010002741511820753,0.04270966938369603,-0.004604983464949078,0.0,0.0,0.0,-0.015310600465032638
1.0636801500214974,9.784529764469157,-0.27799352144622685,-0.010730784523534317,-0.020579728126368095,0.003212618197460929,0.032368876519045076,10.521097917510003,-0.05206181076309951,0.031227618126825882,-0.01553267790155884,-0.0022922812838594734,0.01166377623917718,10.106088462823902,-0.001096708833190749,0.25293440419275176,9.78848396124167,-0.001096708833190749,-0.02840387806883293,9.784529764469157,2.5290089278021535,-0.010730784523534317,2.8070024492483805,-2.8070024492483805,0.2736579218692152,positive_from_right,-0.020004504571394136,-0.01313257654340596,-0.8617148281334905,0.8617362490235255,0.021739389912559633,-0.007945177156017596,-0.02065380349386295,-0.027490985333047186,9.934043130530967e-05,0.04323926458931917,-0.004604983464949078,0.0,0.0,0.0,-0.01553267790155884
1.0743339549690212,9.782274611893206,-0.28457954871397195,-0.009310873407795142,-0.020134570093266604,0.003167493859306395,0.03271828941118779,10.625356427794559,-0.05382595199600363,0.03140451591568175,-0.015750360995227627,-0.0022528584659367574,0.012009928999110957,10.09534912641168,-0.000951810388226884,0.2496915722660254,9.786417566934297,-0.000951810388226884,-0.02908313162715075,9.782274611893206,2.4946123364737636,-0.009310873407795142,2.7791918851877355,-2.7791918851877355,0.27107812658217717,positive_from_right,-0.019972188304203883,-0.012932588162648062,-0.8625881174237588,0.8626067364293817,0.021752964959508646,-0.007799182330814668,-0.020208158361924296,-0.0269249426498749,9.804929167269728e-05,0.043752514303389244,-0.004604983464949078,0.0,0.0,0.0,-0.015750360995227627
1.0850021295508232,9.780018282545775,-0.2912044125755729,-0.007780387438029365,-0.019671751445254106,0.003102578911349415,0.03305314894030896,10.729732928602097,-0.05562663186749699,0.03159500506318321,-0.015963488566686543,-0.0022138366840208368,0.012360199284816251,10.084277777632051,-0.0007955389828420242,0.24626942017830145,9.784355786216167,-0.0007955389828420242,-0.02976664249977644,9.780018282545775,2.4584222898203083,-0.007780387438029365,2.749626702395881,-2.749626702395881,0.2683315053936022,positive_from_right,-0.01993446774047257,-0.012723565050072851,-0.8635261680033331,0.8635417533926626,0.021768617601618925,-0.007647376899354146,-0.019744806872631228,-0.026334919601281568,9.614529976031257e-05,0.044248831749153776,-0.004604983464949078,0.0,0.0,0.0,-0.015963488566686543
1.0956867607987477,9.777761154747276,-0.29786639910519497,-0.00614156216712004,-0.01919167792943786,0.0030177116517656295,0.033373103422914864,10.834247810558956,-0.057464270436361584,0.03180040792096615,-0.016171901306729623,-0.0021754245503008435,0.01271451260500775,10.072899870534899,-0.0006281152977912272,0.24266970367093518,9.782299080982268,-0.0006281152977912272,-0.030454236252814397,9.777761154747276,2.420467079666926,-0.00614156216712004,2.718333478772121,-2.718333478772121,0.26541982274965575,positive_from_right,-0.01989124050808928,-0.012505550910939224,-0.8645275994524707,0.86453992290358,0.021786330240159142,-0.007489859019176268,-0.019264163058119635,-0.025721257570055927,9.362099328866668e-05,0.04472762580786241,-0.004604983464949078,0.0,0.0,0.0,-0.016171901306729623
1.1063899998394797,9.77550362030011,-0.3045638063188131,-0.0043968904295611285,-0.018694766301376866,0.002912774867035357,0.033677808869694154,10.938922082729864,-0.05933930852788161,0.03202205759966378,-0.01637544179811857,-0.002137833593606316,0.013072794391281995,10.061241732175738,-0.00044978655871210363,0.23889428274091087,9.780247925040829,-0.00044978655871210363,-0.03114573934521053,9.77550362030011,2.3807760982773325,-0.0043968904295611285,2.6853399045961455,-2.6853399045961455,0.2623449319753549,positive_from_right,-0.019842412039639254,-0.012278592450111203,-0.8655908796725786,0.8655997169645495,0.021806079979006847,-0.007326731010222356,-0.01876665234323591,-0.025084313823956875,9.047015966603853e-05,0.045188300991407866,-0.004604983464949078,0.0,0.0,0.0,-0.01637544179811857
1.1171140712298695,9.77324608277926,-0.3112949479811453,-0.002549118653228804,-0.018181443810854167,0.002787695516232835,0.033966928636245515,11.04377746352282,-0.06125221034157956,0.032261297482924015,-0.016573954493384727,-0.002101278042776093,0.013434970249715555,10.04933049565412,-0.0002608261957012063,0.23494512533316816,9.778202802008385,-0.0002608261957012063,-0.031840979520131096,9.77324608277926,2.3393798148906533,-0.002549118653228804,2.6506747628717986,-2.6506747628717986,0.25910877812839506,positive_from_right,-0.019787896227915398,-0.012042740114977905,-0.8667143269832929,0.8667194587035089,0.02182783866783935,-0.007158099502896155,-0.018252710993027187,-0.024424462062689355,8.668784942434681e-05,0.045630257337801565,-0.004604983464949078,0.0,0.0,0.0,-0.016573954493384727
1.1278612777946826,9.770988956840219,-0.3180581543723294,-0.0006012438386721428,-0.017652147938306533,0.002642444370998837,0.03424013287173887,11.148836427527435,-0.0632034653786809,0.03251948076676357,-0.016767285582376976,-0.0020659746453174145,0.013800966050743319,10.037194036324582,-6.153357050847895e-05,0.23082431293470723,9.776164204111467,-6.153357050847895e-05,-0.03253978588369939,9.770988956840219,2.296309771490351,-0.0006012438386721428,2.6143679258626804,-2.6143679258626804,0.2557134024504102,positive_from_right,-0.019727616160561286,-0.011798048974110697,-0.8678961118093764,0.8678973240769433,0.021851572940586476,-0.006984075666193436,-0.017722785809459796,-0.023742093288693693,8.227038980702166e-05,0.04605289009016093,-0.004604983464949078,0.0,0.0,0.0,-0.016767285582376976
1.138633992455794,9.76873267031457,-0.32485176455384385,0.0014434868231513293,-0.017107326873030185,0.002477035824250168,0.034497097619394186,11.254122125183027,-0.06519358800060408,0.032797969747934086,-0.016955282619513578,-0.002032142545233467,0.014170707552562542,10.024860921744251,0.0001477660267059765,0.2265340520671884,9.774132633469794,0.0001477660267059765,-0.033241988105814683,9.76873267031457,2.251598639320416,0.0014434868231513293,2.57645040387426,-2.57645040387426,0.2521609517932951,positive_from_right,-0.0196615050053531,-0.011544579961492028,-0.8691342567739504,0.8691313419828016,0.021877244221679505,-0.006804775676642096,-0.017177334569189257,-0.023037617637664355,7.721540489396579e-05,0.046455588910134356,-0.004604983464949078,0.0,0.0,0.0,-0.016955282619513578
1.1494350002126583,9.766477593339335,-0.3316743395750966,0.00358164627241417,-0.016547421807379906,0.0022915214838266852,0.034737511509780314,11.359661723623587,-0.06722318314260692,0.0330981451372319,-0.017137799997060412,-0.002000002156320058,0.014544132133128357,10.012359954150698,0.0003667285444131701,0.2220765405852772,9.772108537921685,0.0003667285444131701,-0.03394743846924881,9.766477593339335,2.205278767433099,0.00358164627241417,2.5369531070081957,-2.5369531070081957,0.24845356723476958,positive_from_right,-0.019589504577841105,-0.011282392606285364,-0.8704266790520849,0.870419436489981,0.021904809641218034,-0.006620315189988855,-0.016616808255992474,-0.02231144259920666,7.152164594311996e-05,0.04683774929482284,-0.004604983464949078,0.0,0.0,0.0,-0.017137799997060412
1.16026826344508,9.764223881244968,-0.33852514437583137,0.005809801635263257,-0.015972824247965645,0.002085971732598443,0.034961087506385644,11.46549387833514,-0.0692931000188218,0.03342143278748394,-0.01731471003343479,-0.0019697733078306023,0.014921215743652813,9.999719199577758,0.0005950089858956365,0.21745362310354535,9.77009217102092,0.0005950089858956365,-0.03465606176477432,9.764223881244968,2.1573785744589276,0.005809801635263257,2.495903718834759,-2.495903718834759,0.24459309363862797,positive_from_right,-0.01951155975082707,-0.011011525624442575,-0.8717712948936589,0.8717595310218905,0.021934224456777944,-0.006430795520605271,-0.016041608290560273,-0.021563918250488614,6.518844713804951e-05,0.0471987934777344,-0.004604983464949078,0.0,0.0,0.0,-0.01731471003343479
1.1711366172075899,9.76197195669874,-0.3454026860014166,0.008124053507810026,-0.015383996708457123,0.0018605158066965085,0.03516751118226008,11.571646213419315,-0.07140399909880213,0.033769239469620675,-0.017485863850826535,-0.0019416820923554867,0.01530189286567797,9.986968617311687,0.0008322141948702175,0.21266776054309194,9.76808402395859,0.0008322141948702175,-0.03536770413719421,9.76197195669874,2.1079325604844374,0.008124053507810026,2.453335246485854,-2.453335246485854,0.24058188699224528,positive_from_right,-0.019427635058372725,-0.01073205447447134,-0.8731657411044806,0.873149270783928,0.021965436089796387,-0.0062363436900998185,-0.015452207317025249,-0.020795494961721023,5.8216983738671685e-05,0.047538088798791914,-0.004604983464949078,0.0,0.0,0.0,-0.017485863850826535
1.1820433251425804,9.759722185498077,-0.35230569027056663,0.010520337106212295,-0.014781393722834298,0.001615316232548909,0.0353564755193495,11.678150525697495,-0.07355664347927807,0.03414299511427222,-0.01765111770417848,-0.001915956145752539,0.01568610985730835,9.974138218089285,0.001077933657494253,0.20772141177995637,9.766084533475697,0.001077933657494253,-0.03608223405811097,9.759722185498077,2.056974812182472,0.010520337106212295,2.4092805024530386,-2.4092805024530386,0.2364223016358651,positive_from_right,-0.0193377058341638,-0.010444055504238572,-0.8746075571285848,0.8745862042475169,0.021998387960403126,-0.006037086698030017,-0.014849070084484776,-0.02000662221587801,5.060951749756626e-05,0.04785500351755256,-0.004604983464949078,0.0,0.0,0.0,-0.01765111770417848
1.1929920410780497,9.757474887061873,-0.3592330719793476,0.012994423078463657,-0.014165463197110826,0.0013505669610891864,0.035527676718822614,11.785042405851472,-0.07575189743240296,0.03454415535905638,-0.01781033112851529,-0.0018928251174052603,0.016073823619111027,9.961258051104007,0.0013317395685734264,0.20261704530412292,9.764094091449447,0.0013317395685734264,-0.03679953928082778,9.757474887061873,2.004539082684627,0.012994423078463657,2.3637721546639745,-2.3637721546639745,0.23211669864528278,positive_from_right,-0.01924175894170955,-0.0101476073602035,-0.8760941851763543,0.8760677832825098,0.022033019582334192,-0.0058331522080053095,-0.014232654763053148,-0.01919775114547923,4.2369364710273186e-05,0.04814890179970275,-0.004604983464949078,0.0,0.0,0.0,-0.01781033112851529
1.2039868587486127,9.755230327209217,-0.36618395900416245,0.015541934747394376,-0.013536643398784829,0.001066489871492062,0.035680811504585394,11.892361720175852,-0.0779907422077139,0.03497420756026031,-0.017963366378837175,-0.0018725210312124237,0.016465003243082074,9.948358099992298,0.001593188584617164,0.19735711492814517,9.762113038705817,0.001593188584617164,-0.03751952937283193,9.755230327209217,1.9506585034403636,0.015541934747394376,2.316842462444526,-2.316842462444526,0.22766742435026596,positive_from_right,-0.01913979290900562,-0.00984279028126659,-0.8776229802675398,0.8775913731678947,0.02206926687675932,-0.005624667777797757,-0.013603409896000377,-0.01836933130540774,3.3500813047886505e-05,0.04841914117589673,-0.004604983464949078,0.0,0.0,0.0,-0.017963366378837175
1.215032387903916,9.752988706410562,-0.3731577309954569,0.018158370348078774,-0.012895358646849282,0.000763330434344956,0.035815574189848064,12.000153349270002,-0.08027429814621664,0.03543467910522755,-0.018110087985605983,-0.0018552787844339639,0.01685963253166847,9.935468161085934,0.0018618240944761639,0.19194402301229563,9.760141655016454,0.0018618240944761639,-0.03824213976566137,9.752988706410562,1.8953651748849434,0.018158370348078774,2.2685229058804004,-2.2685229058804004,0.22307677828097272,positive_from_right,-0.019031817791768567,-0.009529684670180286,-0.87919122324096,0.8791542655555705,0.0221070625675942,-0.005411759638548083,-0.012961770055723425,-0.017521805606937575,2.4009010633951503e-05,0.048665069800807634,-0.004604983464949078,0.0,0.0,0.0,-0.018110087985605983
1.226133858814206,9.750750143450375,-0.38015407334986345,0.020839130867789952,-0.012242013540346122,0.0004413523025121539,0.035931653209184025,12.108468202912498,-0.08260385408463251,0.03592714867299643,-0.018250362326066805,-0.0018413368533309344,0.017257713458891343,9.922617705826424,0.0021371790717006956,0.18638006907861532,9.758180145337414,0.0021371790717006956,-0.0389673373968467,9.750750143450375,1.8386896167127265,0.020839130867789952,2.21884369006259,-2.21884369006259,0.2183469686079851,positive_from_right,-0.018917854685065117,-0.009208368824964449,-0.8807961370690222,0.8807536947241307,0.022146336673707245,-0.005194550966259884,-0.012308150043279288,-0.016655603157786684,1.3899819445231863e-05,0.04888602309440518,-0.004604983464949078,0.0,0.0,0.0,-0.018250362326066805
1.2372972604823411,9.748514653875892,-0.38717304895107174,0.023579554516289944,-0.011576985414940035,0.00010083052327628948,0.03602872680829262,12.217364562517309,-0.08498090577685943,0.0364532613550633,-0.018384057132336953,-0.0018309382897714003,0.01765927075137477,9.909835727630252,0.0024187796161209514,0.18066738033891444,9.756228621862972,0.0024187796161209514,-0.03969512820561579,9.748514653875892,1.7806600451497805,0.023579554516289944,2.1678330941008523,-2.1678330941008523,0.21348005200544334,positive_from_right,-0.01879793477625273,-0.008878915634227793,-0.8824349070635717,0.882386857707272,0.02218701711958534,-0.004973159539795376,-0.01164293732317968,-0.015771129552221555,3.179622689000453e-06,0.04908131933567992,-0.004604983464949078,0.0,0.0,0.0,-0.018384057132336953
1.2485295225904354,9.74628212181601,-0.3942151927712731,0.02637495964404857,-0.010900614474514606,-0.000257957083796247,0.036106457530469344,12.326909848508551,-0.08740720620846862,0.0370147489725222,-0.018511040873397257,-0.0018243321187430353,0.018064357924307044,9.897150570870517,0.0027061493737754925,0.17480781839404264,9.754287080803921,0.0027061493737754925,-0.04042556701448092,9.74628212181601,1.7213014221675365,0.02637495964404857,2.1155166149388096,-2.1155166149388096,0.20847785292301665,positive_from_right,-0.018672097782044372,-0.008541387910726853,-0.8841047060246531,0.8840509393451487,0.02222903049873688,-0.004747694599334559,-0.010966482143372903,-0.01486875382487019,-8.144928998411398e-06,0.04925025371403064,-0.004604983464949078,0.0,0.0,0.0,-0.018511040873397257
1.259838846007955,9.744052245367936,-0.40128169303588995,0.029220721439271777,-0.010213185301518537,-0.0006347440834129187,0.036164485390223704,12.437183834054453,-0.08988485183066974,0.037613462392636646,-0.01863118285973895,-0.0018217752874957346,0.01847306852070449,9.88458963911484,0.0029988174437429083,0.16880280568604092,9.75235535694773,0.0029988174437429083,-0.041158776412441624,9.744052245367936,1.6606337111702545,0.029220721439271777,2.0619154042061445,-2.0619154042061445,0.20334181384285022,positive_from_right,-0.01854038848529743,-0.008195829125719064,-0.8858027393940047,0.8857431572695071,0.022272303385677726,-0.004518250801805095,-0.010279079048860365,-0.013948783571641237,-2.006735062441094e-05,0.049392091183639665,-0.004604983464949078,0.0,0.0,0.0,-0.01863118285973895
1.2712350676153255,9.741824479967603,-0.4083745839650163,0.03211235259289115,-0.009514906659937932,-0.0010292920420229663,0.03620241756924036,12.548282189467301,-0.09241638229368734,0.03825141271420367,-0.018744352225021448,-0.0018235355860367576,0.018885548378667537,9.872179137856016,0.003296326714812313,0.16265312852623026,9.750433077690124,0.003296326714812313,-0.04189496687539852,9.741824479967603,1.5986699247294422,0.03211235259289115,2.0070445086944586,-2.0070445086944586,0.19807282460160153,positive_from_right,-0.01840285247608029,-0.007842252838018766,-0.8875262924910159,0.8874608089627948,0.02231676377326717,-0.00428490157063207,-0.009580946712925479,-0.013011437304313181,-3.258184020372547e-05,0.0495060543736127,-0.004604983464949078,0.0,0.0,0.0,-0.018744352225021448
1.2827296033555835,9.739598068805774,-0.4154966650503666,0.035045466832810554,-0.008805918351459108,-0.0014413926336564102,0.036219813886201484,12.660315911947338,-0.09500479095145505,0.03893079487622631,-0.01885041151333752,-0.0018298953982071047,0.01930199225039167,9.859944353319042,0.0035982301669439318,0.15635897223880074,9.748519693025125,0.0035982301669439318,-0.042634428525576105,9.739598068805774,1.5354165310811778,0.035045466832810554,1.9509131961315445,-1.9509131961315445,0.1926712503376019,positive_from_right,-0.018259537009636454,-0.0074806455025143645,-0.8892727077276579,0.8892012490361159,0.022362340744228756,-0.004047701480043494,-0.008872234837811072,-0.0120568528061399,-4.568334078538722e-05,0.04959130294676809,-0.004604983464949078,0.0,0.0,0.0,-0.01885041151333752
1.2943364722347763,9.737371868602784,-0.4226520776861601,0.03801600348954282,-0.008086233328416837,-0.0018709076128471665,0.036216171570809495,12.773421288661755,-0.09765378236630082,0.03965408067931217,-0.018949219188519394,-0.0018411569205597682,0.019722679046295585,9.847908861823734,0.0039041140519582274,0.14991937704041314,9.74661433025595,0.0039041140519582274,-0.043377591155254566,9.737371868602784,1.4708680521407298,0.03801600348954282,1.89352012982689,-1.89352012982689,0.18713646254404376,positive_from_right,-0.01811047878075798,-0.007110936046160128,-0.8910395170869301,0.8909620212408549,0.022408968212955464,-0.003806667002995841,-0.008152966356903147,-0.01108500814389251,-5.9368809888281864e-05,0.04964691723552216,-0.004604983464949078,0.0,0.0,0.0,-0.018949219188519394
1.3060731939725598,9.73514421406916,-0.42984677382044095,0.04102040265621828,-0.007355688887040674,-0.002317807753203778,0.036190899172386354,12.88776861690763,-0.10036801876449282,0.04042412496284021,-0.01904062661737081,-0.0018576501936957241,0.020148001832365186,9.836094094142076,0.0042136160479519244,0.14333175100363726,9.74471568549448,0.0042136160479519244,-0.04412507314212667,9.73514421406916,1.4050023084174246,0.04102040265621828,1.8348490822378656,-1.8348490822378656,0.18146641641485683,positive_from_right,-0.01795569232575279,-0.006732968901857654,-0.8928245442994922,0.8927409602882033,0.02245658808249301,-0.003561760255293097,-0.007422988786525269,-0.01009565372439744,-7.363847030576387e-05,0.049671865086995226,-0.004604983464949078,0.0,0.0,0.0,-0.01904062661737081
1.3179621578730771,9.732912710013256,-0.437089234847995,0.044055868441799616,-0.006613871824107463,-0.002782231443814859,0.036143278102711465,13.003575503323894,-0.10315349364505873,0.04124432578015748,-0.01912447396833142,-0.0018797451451593805,0.020578513731694194,9.82451870223257,0.004526452550273676,0.13659112419283703,9.742821857116231,0.004526452550273676,-0.044877756462846016,9.732912710013256,1.3377731460288023,0.044055868441799616,1.7748623808767972,-1.7748623808767972,0.17565700337539572,positive_from_right,-0.017795151986989693,-0.006346462419314214,-0.8946260583961959,0.8945363448808312,0.022505154968120056,-0.0033128640323564747,-0.006681899644474298,-0.009088208016252305,-8.849770177490386e-05,0.04966495246995909,-0.004604983464949078,0.0,0.0,0.0,-0.01912447396833142
1.3300327588421545,9.73067390635489,-0.444391596692054,0.047120774776464834,-0.005860001120295621,-0.0032645755878450934,0.03607240343593398,13.121127617159408,-0.10601811336714417,0.04211887351317095,-0.019200584104285254,-0.0019078703051774986,0.021014999715069236,9.813197615226128,0.004842460749480083,0.12968897980207714,9.740930085491938,0.004842460749480083,-0.04563690407502064,9.73067390635489,1.269099049029784,0.047120774776464834,1.713490645721838,-1.713490645721838,0.16970103591244493,positive_from_right,-0.017628763364427386,-0.0059509434122923975,-0.8964430103192116,0.8963471335416625,0.02255464346735225,-0.0030597426576278557,-0.005928929567042144,-0.008061594011033062,-0.00010395998442125365,0.04962474674203197,-0.004604983464949078,0.0,0.0,0.0,-0.019200584104285254
1.3423249295949842,9.728422758276567,-0.45177151852978037,0.05021533449095436,-0.005092732723737297,-0.003765645392662964,0.03597708794079266,13.24081301082562,-0.1089726556482157,0.04305315960922762,-0.019268753255627054,-0.001942543334391793,0.02145859568245354,9.802140501948127,0.005161668009146186,0.1226113125669498,9.739036320320722,0.005161668009146186,-0.046404354856750894,9.728422758276567,1.1988442252271112,0.05021533449095436,1.6506157437568916,-1.6506157437568916,0.16358656067075333,positive_from_right,-0.01745631562520675,-0.005545638114378851,-0.8982754230390453,0.8981733534661026,0.022605060111249606,-0.002801976820116005,-0.005162747831420698,-0.007013967179596069,-0.00012005175654983727,0.04954945168396354,-0.004604983464949078,0.0,0.0,0.0,-0.019268753255627054
1.3548953692019405,9.726151669573978,-0.45925549266549437,0.05334278197364124,-0.004309813025739212,-0.004286918310585985,0.035855695961912924,13.363182642665397,-0.11203245453848933,0.044054491427941954,-0.01932873586933053,-0.001984424033431494,0.021910999105160506,9.791349059048656,0.005484414489488182,0.115335189157258,9.737134453189439,0.005484414489488182,-0.047182868841694654,9.726151669573978,1.1267850922814149,0.05334278197364124,1.5860405849469092,-1.5860405849469092,0.15729386913754181,positive_from_right,-0.017277396728151456,-0.005129278622876216,-0.9001250812233885,0.9000167879852117,0.022656464429843988,-0.0025388478935303247,-0.004381117153738064,-0.005942232831921169,-0.00013682097982402886,0.049436690752893635,-0.004604983464949078,0.0,0.0,0.0,-0.01932873586933053
1.3678295609931514,9.72384863562029,-0.46688526275922737,0.056511673202819274,-0.003507405364553459,-0.0048310538536590775,0.03570582950973591,13.48906716200922,-0.11522064061430662,0.04513345784907345,-0.019380218209997364,-0.0020344146390763027,0.022374876851319798,9.780811694389303,0.005811591592933314,0.10782207891811789,9.735214825890823,0.005811591592933314,-0.047976796595870445,9.72384863562029,1.0525452690691282,0.056511673202819274,1.5194305318283554,-1.5194305318283554,0.15078970032071493,positive_from_right,-0.0170912286657103,-0.004699727056061648,-0.9019968729906118,0.9018823140614097,0.02270900979156352,-0.0022691130580687465,-0.0035802227500435304,-0.004841108683099756,-0.0001543536851992042,0.049283097706292335,-0.004604983464949078,0.0,0.0,0.0,-0.019380218209997364
1.3812680471659546,9.721493155752453,-0.4747319308131349,0.05974097460486189,-0.002678606254662988,-0.005403010894973647,0.035523657294216845,13.619832251345642,-0.11857519984102745,0.04630688184114199,-0.019422767314417784,-0.0020938741877927964,0.02285476002984215,9.77049159607899,0.006145169434800851,0.10000319792722265,9.733260942126337,0.006145169434800851,-0.04879355032587856,9.721493155752453,0.975452647575293,0.05974097460486189,1.450184578388428,-1.450184578388428,0.14401449941556704,positive_from_right,-0.016896304649183777,-0.004253148641416341,-0.9039017600828521,0.9037808630655484,0.022763033468142277,-0.0019905096991720403,-0.0027531941234057245,-0.003701060901834482,-0.00017281023048593125,0.049083443627788804,-0.004604983464949078,0.0,0.0,0.0,-0.019422767314417784
1.3954758606747242,9.719045351983949,-0.4829334449305587,0.06307371068977455,-0.0018094934607770451,-0.006013009795551525,0.035302184643845505,13.758053425502291,-0.12216755708586259,0.04760552860428991,-0.019455714923488722,-0.002165170774569797,0.02335941750384364,9.760294159099912,0.006489611165722379,0.0917405749419939,9.731240699886808,0.006489611165722379,-0.04964751279263771,9.719045351983949,0.8941595077271456,0.06307371068977455,1.3770929526577043,-1.3770929526577043,0.13684856838749385,positive_from_right,-0.016689423116191177,-0.0037818125982398377,-0.9058647484291866,0.9057373661187762,0.02281929737893239,-0.001698434722590297,-0.001886167654925327,-0.0025028099893602855,-0.00019252140667890875,0.04882839440321378,-0.004604983464949078,0.0,0.0,0.0,-0.019455714923488722
1.4110981922084302,9.7164055912817,-0.49183343835162285,0.06662805111861542,-0.0008644586064825611,-0.0066874790211945735,0.03502504918075756,13.910000999198157,-0.12617073726195868,0.04910212378822899,-0.019477803003731173,-0.002253659559423644,0.023910628953376128,9.749942627886703,0.006857166077477508,0.08268292800605478,9.729073801887152,0.006857166077477508,-0.05057451284883161,9.7164055912817,0.805235577701417,0.06662805111861542,1.2970690160530398,-1.2970690160530398,0.12898676590353012,positive_from_right,-0.01646210302116056,-0.0032659429472162754,-0.9079547448332839,0.90782051608125,0.022879886268150774,-0.0013810397592688255,-0.0009436718419578116,-0.001196949729133338,-0.00021434353758615658,0.04849650731152195,-0.004604983464949078,0.0,0.0,0.0,-0.019477803003731173
1.4273717789035694,9.713714782360725,-0.5009660837895455,0.07019297139304563,0.00010564548941374415,-0.007391241655788977,0.03469975795846183,14.06824505448937,-0.13039868275822158,0.050737102294609426,-0.019485268064331072,-0.002357140340531238,0.024480140897097553,9.740127089059534,0.007226045980911592,0.07330574016295517,9.726877656442158,0.007226045980911592,-0.05152607469240084,9.713714782360725,0.7133679168178944,0.07019297139304563,1.21433400060744,-1.21433400060744,0.12084173762335489,positive_from_right,-0.01622680179399895,-0.0027329492683688793,-0.9100469614747763,0.9099059475947029,0.022941284140662373,-0.0010555621257176935,2.3529210167079728e-05,0.00014642664249088922,-0.0002371388993505501,0.048094519522790535,-0.004604983464949078,0.0,0.0,0.0,-0.019485268064331072
1.4413217876404052,9.71145705088314,-0.5086771270301553,0.07312626382433053,0.0009235964796092134,-0.007993104105826548,0.03439191815953503,14.2038647063531,-0.13406887622972313,0.05219980450878333,-0.019479237420525968,-0.0024550393954649347,0.02496408684278921,9.732498356484928,0.007529753920341499,0.06533658476853205,9.725044880162375,0.007529753920341499,-0.05232977000555073,9.71145705088314,0.6354358798282127,0.07312626382433053,1.144113006858368,-1.144113006858368,0.11391597262299015,positive_from_right,-0.016027370410695574,-0.002281007451341988,-0.9117651486512675,0.9116186204957898,0.02299230104835339,-0.000781505084906437,0.0008387965891100235,0.0012811255669430833,-0.0002566499311460392,0.04770521177066092,-0.004604983464949078,0.0,0.0,0.0,-0.019479237420525968
1.455271796377241,9.709245162090193,-0.5162752284846961,0.07593778704974723,0.0017272037703264355,-0.008591602123049921,0.0340580220147629,14.339457360231908,-0.13778048224964234,0.05371833474018825,-0.01946193309034228,-0.0025614044326495024,0.025443718730883996,9.725587737605705,0.007821023925584153,0.057450660601004885,9.723258110151184,0.007821023925584153,-0.05312191846928662,9.709245162090193,0.5584341293229143,0.07593778704974723,1.0747093578076103,-1.0747093578076103,0.10706001653896134,positive_from_right,-0.015830961682214695,-0.0018348686355072349,-0.9134088528351223,0.9132571040236913,0.02304164996451778,-0.0005126845431412709,0.0016395554673772218,0.0023975158652105523,-0.0002760630756608728,0.04727563100597671,-0.004604983464949078,0.0,0.0,0.0,-0.01946193309034228
1.4683912020310712,9.707207310399626,-0.5233144235594178,0.078464466353953,0.0024684156400946134,-0.009149703072456826,0.03372087446330276,14.466952574758482,-0.14130804689473175,0.05519674391861213,-0.019435563111494962,-0.0026691186437635996,0.025890533190815027,9.719733081774153,0.00808293827887527,0.050126485986386825,9.721619640032287,0.00808293827887527,-0.053855993620775554,9.707207310399626,0.48701205465443365,0.078464466353953,1.0103264782138515,-1.0103264782138515,0.10069097119622585,positive_from_right,-0.015649765985649027,-0.0014216249622479044,-0.9148830773828198,0.9147266963946757,0.023086403899261646,-0.00026520233846143854,0.002377952790814569,0.003428449203380253,-0.00029417291463531116,0.04683583401155429,-0.004604983464949078,0.0,0.0,0.0,-0.019435563111494962
1.4809704065446414,9.705292271119532,-0.5299639993178453,0.08077543723744122,0.0031646045748398356,-0.009679051588109206,0.03337715338427543,14.589176681282684,-0.14472326256666077,0.056659413058845406,-0.01940127365137077,-0.002779333155441412,0.026314795462663215,9.71469278398604,0.008322631608606364,0.04320194108485947,9.720086654947393,0.008322631608606364,-0.054549608610344906,9.705292271119532,0.4195630442698549,0.08077543723744122,0.9495270435877002,-0.9495270435877002,0.09466887316391845,positive_from_right,-0.015479877619890767,-0.0010320600728419228,-0.9162286908980803,0.9160681274113078,0.023127702440099797,-3.324022784246316e-05,0.003071333677219721,0.004397685311342232,-0.00031135350221986736,0.046382482771919,-0.004604983464949078,0.0,0.0,0.0,-0.01940127365137077
1.4931899644088154,9.703468705089694,-0.5363275813594082,0.08291210493929899,0.003826185731624084,-0.01018661613515049,0.03302465217918331,14.707886723403513,-0.1480710165728821,0.05812193240469137,-0.019359703025872078,-0.002892829644164414,0.026722791998342828,9.710318775048794,0.008544376216949446,0.03657973191303506,9.718632959543609,0.008544376216949446,-0.05521354524125993,9.703468705089694,0.35512164854393846,0.08291210493929899,0.8914492299033466,-0.8914492299033466,0.08890990310086141,positive_from_right,-0.015319001540850433,-0.0006606717349136432,-0.9174701696138599,0.9173057895168117,0.02316622750225647,0.00018667856614630084,0.0037300982144260033,0.005319445074208244,-0.0003278283253083555,0.045913302616240256,-0.004604983464949078,0.0,0.0,0.0,-0.019359703025872078
1.5051453584616146,9.70171975824285,-0.5424601443470514,0.08489672720300612,0.0044584376765200535,-0.010675770605214262,0.03266257506691237,14.824012194552145,-0.15137457519710087,0.05959193865310427,-0.01931133036474121,-0.003009930839562786,0.027117806693734856,9.706520608014776,0.008750465117717274,0.030211507345769884,9.71724429712326,0.008750465117717274,-0.05585351926531314,9.70171975824285,0.2932040109651063,0.08489672720300612,0.8356641553121577,-0.8356641553121577,0.08337270215379612,positive_from_right,-0.015166045310904396,-0.00030474260652837943,-0.9186207242773967,0.9184528465566661,0.02320233741097692,0.00039630919990261233,0.004359523118079965,0.006200873728462711,-0.00034370486076903186,0.04542768528603589,-0.004604983464949078,0.0,0.0,0.0,-0.01931133036474121
1.5168949980189517,9.700034939236534,-0.5483953768708216,0.086743318960616,0.0050644026785766315,-0.011148357685703748,0.03229069954356074,14.93812189751424,-0.15464786038657513,0.061073691378758364,-0.019256548811292355,-0.003130769566301312,0.027501814127545075,9.703233528187496,0.008942339624117565,0.024070092074555197,9.715911676994965,0.008942339624117565,-0.05647303045938744,9.700034939236534,0.2335351724005411,0.086743318960616,0.7819305492713627,-0.7819305492713627,0.07803427554667271,positive_from_right,-0.015020423253412237,3.7241507497361875e-05,-0.9196887131489413,0.9195176258027075,0.023236252522680304,0.0005966590746343732,0.004962654281251217,0.007046046656732945,-0.00035904132026318294,0.044925688181339477,-0.004604983464949078,0.0,0.0,0.0,-0.019256548811292355
1.5284780425396287,9.698407083232492,-0.554155888899385,0.08846173176206512,0.005645966741619754,-0.011605451958084762,0.031909080350024994,15.050597324163126,-0.15789998465178426,0.06256974451230278,-0.019195698851017455,-0.0032553846233423817,0.02787610955753507,9.700406333963727,0.009121011096113905,0.018139179129497685,9.71462887501537,0.009121011096113905,-0.057074425586454064,9.698407083232492,0.17594775907371918,0.08846173176206512,0.7301036479731042,-0.7301036479731042,0.07288105055762595,positive_from_right,-0.014881798388409615,0.0003661792720399386,-0.9206800424012314,0.9205060105052518,0.023268124412311186,0.0007883504956868754,0.005541384006989302,0.007857459614346057,-0.0003738713216789099,0.04440768457472621,-0.004604983464949078,0.0,0.0,0.0,-0.019195698851017455
1.5399223680136378,9.696830983326343,-0.5597578018753785,0.0900594940735053,0.006204344639886265,-0.012047699775759329,0.03151792569877171,15.161710157563995,-0.16113726423355532,0.06408167773704607,-0.019129086725000258,-0.003383761365946959,0.02824159133229329,9.697995810159696,0.00928725115575727,0.012408719384522642,9.713391304196021,0.00928725115575727,-0.057659376300350534,9.696830983326343,0.12033662038014192,0.0900594940735053,0.6800944222555204,-0.6800944222555204,0.06790487792271352,positive_from_right,-0.014749967034950313,0.0006826169716633739,-0.921599249627084,0.9214225198678939,0.02329806695228722,0.0009717835425275211,0.006096934823525073,0.008636697135991578,-0.00038821486971366237,0.04387421950498982,-0.004604983464949078,0.0,0.0,0.0,-0.019129086725000258
1.5512486918428932,9.695302677684376,-0.5652131365707763,0.09154276629351277,0.006740331973926318,-0.01247549464845571,0.031117536803724918,15.271662405374903,-0.16436425558165196,0.06561046919307334,-0.019056995429889968,-0.0035158518705659587,0.028598907448530518,9.695963817757564,0.009441690384659935,0.006872533915882487,9.712195425326176,0.009441690384659935,-0.058229127719446175,9.695302677684376,0.06663531563169589,0.09154276629351277,0.6318484522024722,-0.6318484522024722,0.06310096125860644,positive_from_right,-0.014624799118397251,0.0009868849299523913,-0.9224500662734978,0.9222708696611149,0.02332617238984407,0.001147220671377614,0.006630110908210759,0.00938477941526086,-0.00040208401670212263,0.043325940024747545,-0.004604983464949078,0.0,0.0,0.0,-0.019056995429889968
1.562472925056773,9.693819041443811,-0.5705311798454494,0.0929168823288351,0.007254449345925204,-0.012889076896285394,0.030708275140736086,15.380609287921983,-0.16758434348001128,0.06715670554679738,-0.01897969168285955,-0.0036515861079373085,0.02894853927734549,9.694275644682616,0.009584874288991763,0.0015269528333453671,9.711038409071204,0.009584874288991763,-0.05878464068164994,9.693819041443811,0.014802695910587027,0.0929168823288351,0.5853338757560365,-0.5853338757560365,0.058466676458819304,positive_from_right,-0.014506204263377719,0.001279175340590319,-0.9232357365673434,0.9230542901284408,0.02335252044173087,0.0013148350568124119,0.007141441892603059,0.010102360378385609,-0.00041548607422757625,0.042763557546182156,-0.004604983464949078,0.0,0.0,0.0,-0.01897969168285955
1.5736076102857788,9.692377536767898,-0.5757193226117869,0.09418667554791324,0.007747030743937928,-0.01328859430426577,0.03029054333081158,15.488673231405732,-0.17080009900413737,0.06872070944787777,-0.018897430526678572,-0.003790878671304367,0.02929085282515006,9.692899021997064,0.009717296980986764,-0.003630016165568525,9.70991792877377,0.009717296980986764,-0.059326678946492226,9.692377536767898,-0.03518530286806276,0.09418667554791324,0.5405340197437242,-0.5405340197437242,0.05400085019598611,positive_from_right,-0.014394111261806826,0.001559589819813191,-0.9239592093723015,0.9237757172411354,0.0233771837563004,0.0014747401675659303,0.007631271007508902,0.010789848816728311,-0.00042842556294653934,0.04218782575140296,-0.004604983464949078,0.0,0.0,0.0,-0.018897430526678572
1.5846628487156746,9.690976051783654,-0.580783601137288,0.0953566828579137,0.008218280668982354,-0.013674140979913872,0.029864773288767726,15.595952888932205,-0.1740135093689989,0.07030262141408937,-0.01881045847428504,-0.003933633115997582,0.02962613181802844,9.691803518822779,0.009839422266024082,-0.0085992229237574,9.708832026797042,0.009839422266024082,-0.059855865514719414,9.690976051783654,-0.08334095185226253,0.0953566828579137,0.49744264928502546,-0.49744264928502546,0.04970329514552557,positive_from_right,-0.014288455088716179,0.0018281699891867624,-0.9246232581877698,0.9244379123296002,0.02340023132561303,0.0016270088190545652,0.008099812042673297,0.011447486405991235,-0.0004409054566494274,0.04159952671505831,-0.004604983464949078,0.0,0.0,0.0,-0.01881045847428504
1.595646923277516,9.68961279260631,-0.5857290614021138,0.09643127548762305,0.008668312642186374,-0.014045783228308396,0.0294314184955224,15.702529205756106,-0.17722613192482126,0.0719024549270413,-0.018719015707541392,-0.00407974493014803,0.029954599964835998,9.690960165338685,0.009951697155745731,-0.013380733615718966,9.707779024828646,0.009951697155745731,-0.06037272052963041,9.68961279260631,-0.12966828698329091,0.09643127548762305,0.45606077441882287,-0.45606077441882287,0.04557449793125595,positive_from_right,-0.014189168470119468,0.0020849179342874156,-0.9252305579167147,0.9250435386234931,0.023421730665390345,0.0017716859499473932,0.008547187728889752,0.012075400029820089,-0.0004529280054772543,0.040999461654031726,-0.004604983464949078,0.0,0.0,0.0,-0.018719015707541392
1.6065667321625494,9.688286208643651,-0.5905600126221646,0.09741474345247134,0.0090971760614611,-0.014403577281603984,0.028990948730639343,15.808469638775739,-0.18043920096195168,0.07352013494335902,-0.01862333764097761,-0.00422910367818069,0.030276436453497913,9.690341219126585,0.01005456059455439,-0.017974079259878466,9.706757461755442,0.01005456059455439,-0.060877687642621116,9.688286208643651,-0.17416558290039819,0.09741474345247134,0.41639442972176643,-0.41639442972176643,0.04161540255477786,positive_from_right,-0.014096176350663991,0.0023298103114306715,-0.9257837343065228,0.9255952105517101,0.023441749215730875,0.0019087974666926006,0.008973456496397013,0.012673638012593554,-0.00046449529471852204,0.04038844443280677,-0.004604983464949078,0.0,0.0,0.0,-0.01862333764097761
1.617428099072052,9.686994939594765,-0.5952802085297003,0.09831134955034938,0.009504875470216756,-0.014747581689848145,0.028543846332432163,15.913831176459677,-0.18365370395179206,0.07515552568885282,-0.018523656046146475,-0.0043815946216334,0.030591787043297736,9.689920024534445,0.010148449036900462,-0.022378432412248867,9.705766049511608,0.010148449036900462,-0.06137115286028368,9.686994939594765,-0.2168271216628792,0.09831134955034938,0.3784530868668211,-0.3784530868668211,0.03782725599741779,positive_from_right,-0.014009392294945673,0.0025628083012348086,-0.9262853954115828,0.9260955251197964,0.023460355228048534,0.0020383565235939,0.009378631663335614,0.013242195861579485,-0.0004756096300494459,0.03976729679008347,-0.004604983464949078,0.0,0.0,0.0,-0.018523656046146475
1.6282360005983214,9.68573777705926,-0.5998929799568912,0.09912536264181421,0.009891384713186862,-0.015077866076273656,0.028090603440297374,16.018662552288863,-0.18687043730293582,0.076808451259791,-0.01842019986469097,-0.004537099995683889,0.03090077219223359,9.689670933784047,0.010233799882978945,-0.026592735457065413,9.704803641026091,0.010233799882978945,-0.06185345832392441,9.68573777705926,-0.2576444867402946,0.09912536264181421,0.34224849321659656,-0.34224849321659656,0.034211495723484954,positive_from_right,-0.013928716229291187,0.0027838647501152586,-0.9267381508344275,0.9265470811024378,0.023477618301255197,0.0021603680728913407,0.00976269552423041,0.01378103493302786,-0.0004862738044495629,0.039136844691166295,-0.004604983464949078,0.0,0.0,0.0,-0.01842019986469097
1.6389947363124482,9.684513636251122,-0.6044013336657857,0.09986107646980132,0.010256657547498412,-0.015394517333149907,0.027631719886121724,16.123005900595057,-0.19009004799498896,0.07847871123837075,-0.018313195796149165,-0.004695500050450433,0.031203493131363242,9.689569269637703,0.0103110534190234,-0.03061579533351485,9.703869206531207,0.0103110534190234,-0.062324912576909544,9.684513636251122,-0.2966075281912028,0.09986107646980132,0.30779380547458296,-0.30779380547458296,0.030769666245364043,positive_from_right,-0.013854033142901595,0.002992929351738229,-0.9271446224395964,0.9269524897329343,0.023493609671577563,0.0022748322146449733,0.010125609903542228,0.01429009618880673,-0.0004964912817831812,0.03849791544723545,-0.004604983464949078,0.0,0.0,0.0,-0.018313195796149165
1.649708058225255,9.683321534863868,-0.6088080271945245,0.1005228181702672,0.01060063573281949,-0.015697643959508328,0.02716770152692616,16.226898016988248,-0.19331306522182867,0.08016609274228265,-0.018202868720336385,-0.004856673925027373,0.03150003648128887,9.689591316173255,0.010380653691068172,-0.03444635439552839,9.702961815781185,0.010380653691068172,-0.06278579833669613,9.683321534863868,-0.3337050942508151,0.1005228181702672,0.2751029329437094,-0.2751029329437094,0.027503356365202396,positive_from_right,-0.013785212493943964,0.0031899524273283626,-0.9275074489937115,0.9273143793350876,0.02350840232521005,0.002381746693378829,0.010467324196194932,0.014769310461442817,-0.0005062663199384249,0.03785133538102106,-0.004604983464949078,0.0,0.0,0.0,-0.018202868720336385
1.66037927085174,9.682160577088778,-0.613115626314884,0.10111494932307216,0.010923255290235736,-0.015987379013708742,0.026699058883010336,16.33037133266722,-0.19653992482216273,0.08187037985778342,-0.018089441996271802,-0.005020500398544826,0.03179047781200258,9.689714328453515,0.010443048606564389,-0.038083143952737535,9.702080624522774,0.010443048606564389,-0.06323637845796368,9.682160577088778,-0.36892559348555143,0.10111494932307216,0.2441900328293326,-0.2441900328293326,0.024414151434731916,positive_from_right,-0.013722108143772751,0.0033748876840725694,-0.9278292864167832,0.9276353955770867,0.02352207098130732,0.0024811087760820798,0.010787781583480743,0.015218606185856232,-0.0005156040490392203,0.037197927895792314,-0.004604983464949078,0.0,0.0,0.0,-0.018089441996271802
1.671011309577806,9.68102994140747,-0.6173265496391324,0.10164186155131119,0.011224451403837108,-0.016263882006975098,0.026226305993061094,16.4334546775423,-0.19977098839500848,0.08359136109922605,-0.0179731376681947,-0.005186858546985554,0.032074884421668164,9.689916554632315,0.010498689471365799,-0.04152492500725546,9.70122486407448,0.010498689471365799,-0.06367690055914824,9.68102994140747,-0.40225743161546224,0.10164186155131119,0.21506911802367012,-0.21506911802367012,0.021503596734669127,positive_from_right,-0.013664558692460515,0.0035476942149205767,-0.928112804833266,0.9279181985321912,0.023534691978820264,0.002572916673635509,0.011086923897501032,0.01563791525937973,-0.0005245105154956179,0.0365385118550961,-0.004604983464949078,0.0,0.0,0.0,-0.0179731376681947
1.6816068027504236,9.679928871183336,-0.6214431035792412,0.10210796812459236,0.011504162298984929,-0.01652733996959449,0.0257499594261875,16.536173884933692,-0.20300655843321933,0.08532883534490619,-0.017854176600996054,-0.005355628325113545,0.032353317528586126,9.6901772658807,0.010548030112526552,-0.04477051938339075,9.700393833206434,0.010548030112526552,-0.06410760064574686,9.679928871183336,-0.43368935410953613,0.10210796812459236,0.18775374946970502,-0.18775374946970502,0.018773169214900364,positive_from_right,-0.013612388121425704,0.0037083379278418935,-0.9283606832848353,0.9281654574056026,0.023546343091518554,0.002657170620552322,0.011364695467540585,0.01602717749892281,-0.0005329926995952505,0.03587390021001201,-0.004604983464949078,0.0,0.0,0.0,-0.017854176600996054
1.6921681213880597,9.67885666734819,-0.6254675099646534,0.10251769264638795,0.011762332337189822,-0.016777967858584316,0.025270537409119644,16.638552275773545,-0.206246890431767,0.08708261657192612,-0.017732778561532273,-0.0055266910868813955,0.03262583401604198,9.690476790780805,0.010591525698594112,-0.04781883356257493,9.699586891739123,0.010591525698594112,-0.06452870597042396,9.67885666734819,-0.4632107169371008,0.10251769264638795,0.16225679302755258,-0.16225679302755258,0.01622425560167687,positive_from_right,-0.01356540667109344,0.0038567925419805225,-0.9285756027449006,0.9283798435657402,0.023557103289341193,0.0027338736961563465,0.0116210461878893,0.016386344034499057,-0.0005410585122907186,0.03520489882888694,-0.004604983464949078,0.0,0.0,0.0,-0.017732778561532273
1.7026974193319175,9.677812682671131,-0.6294019279962227,0.10287545564298806,0.011998914502165307,-0.01701600843207592,0.024788559040328503,16.740611049765747,-0.20949220266057428,0.0888525376216131,-0.01760916225843647,-0.005699930053241417,0.03289248783147986,9.690796551721043,0.010629631341963607,-0.05066887691817482,9.698803455437652,0.010629631341963607,-0.0649404373045283,9.677812682671131,-0.49081170178030925,0.10287545564298806,0.1385902262159135,-0.1385902262159135,0.013858135411423077,positive_from_right,-0.013523411897189773,0.003993040252805774,-0.9287602379195435,0.9285640223633566,0.02356705245987946,0.002803032448196532,0.011855933981360828,0.01671537988798906,-0.0005487167754109295,0.034532305498148466,-0.004604983464949078,0.0,0.0,0.0,-0.01760916225843647
1.7131966659457516,9.67679631722645,-0.6332484717892274,0.1031856596865533,0.012213872407047069,-0.0172417316865273,0.024304543570248464,16.842369604019108,-0.21274268411757605,0.09063845317046985,-0.01748354534979716,-0.005875230733912493,0.03315333111573868,9.691119101461444,0.010662800548757097,-0.05331977562478687,9.69804299188634,0.010662800548757097,-0.06534301075143258,9.67679631722645,-0.5164834878856559,0.1031856596865533,0.11676498390357154,-0.11676498390357154,0.01167596777344072,positive_from_right,-0.013486189860365604,0.004117072144138637,-0.9289172482099352,0.9287206441126817,0.023576271100763657,0.002864657364699667,0.012069326788236866,0.017014265924176913,-0.0005559771885609425,0.03385690906934311,-0.004604983464949078,0.0,0.0,0.0,-0.01748354534979716
1.7236676729317633,9.67580701477396,-0.6370092244424687,0.10345267354839312,0.012407181920152477,-0.01745543393151929,0.023819009733368323,16.94384579441173,-0.2159985010439973,0.09244024203652708,-0.017356144426051236,-0.006052481307528991,0.03340841511890724,9.691428158500424,0.010691483567607279,-0.05577078320600944,9.69730501710852,0.010691483567607279,-0.06573663919922723,9.67580701477396,-0.5402183896921895,0.10345267354839312,0.09679083475027916,-0.09679083475027916,0.009678781231478877,positive_from_right,-0.013453516412297742,0.0042288884070119555,-0.9290492681304521,0.9288523345282255,0.0235848399914829,0.0029187632287067775,0.012261204177787484,0.017283000315608345,-0.000562850285261137,0.033179488733910974,-0.004604983464949078,0.0,0.0,0.0,-0.017356144426051236
1.7341121164774758,9.67484425983153,-0.6406862493557652,0.1036808157784361,0.012578832483937877,-0.01765743656246874,0.023332475120865823,17.04505615151115,-0.21925980229907235,0.09425780892510632,-0.01722717497347827,-0.006231572963750511,0.033657790946439246,9.69170864021763,0.01071612567838382,-0.05802128846906326,9.696589092751593,0.01071612567838382,-0.0661215334879597,9.67484425983153,-0.5620099672723435,0.1036808157784361,0.07867628208342176,-0.07867628208342176,0.007867465880093785,positive_from_right,-0.013425158547764599,0.004328498412683488,-0.9291588974171976,0.9289616848515592,0.023592839851538497,0.0029653693826585063,0.012431558656815375,0.017521599630893166,-0.0005693473803859186,0.03250081340916326,-0.004604983464949078,0.0,0.0,0.0,-0.01722717497347827
1.7445315556309517,9.67390757527452,-0.6442815993387491,0.1038743380290214,0.012728828183970654,-0.017848084579868948,0.02284545558723049,17.146016059785744,-0.22252672381112976,0.09609108568925334,-0.01709685132291554,-0.0064124002093571665,0.033901510168228274,9.691946693023688,0.010737165453855778,-0.060070821400389995,9.695894823702513,0.010737165453855778,-0.06649790334792675,9.67390757527452,-0.5818531149337458,0.1038743380290214,0.062428484405003315,-0.062428484405003315,0.0062427673412266665,positive_from_right,-0.013400875797446227,0.004415920676987533,-0.9292486910154777,0.9290512418563781,0.02360035099054397,0.003004499923014418,0.012580396731845685,0.01773009963078878,-0.0005754805105587072,0.0318216412240081,-0.004604983464949078,0.0,0.0,0.0,-0.01709685132291554
1.754927447648033,9.67299652032991,-0.647797323950055,0.10403740838312954,0.012857188613080472,-0.01802774489674771,0.022358464684002564,17.246739907344505,-0.2257993922879073,0.09794003217299903,-0.01696538658672541,-0.006594861140627715,0.03413962531722901,9.692129718944388,0.010755033021295119,-0.061919057485474875,9.695221856026528,0.010755033021295119,-0.0668659581547325,9.67299652032991,-0.5997441322658963,0.10403740838312954,0.04805319168415867,-0.04805319168415867,0.004805282182238797,positive_from_right,-0.013380421640202306,0.00449118274642767,-0.9293211491001175,0.9291234978855901,0.023607452954958617,0.003036183841493492,0.012707739769925603,0.017908555839623128,-0.0005812623689117573,0.031142719091352532,-0.004604983464949078,0.0,0.0,0.0,-0.01696538658672541
1.7653011608621008,9.672110688865699,-0.651235475399429,0.10417409489919308,0.012963949565561413,-0.018196804469225145,0.021872013117064337,17.347241211563663,-0.22907792831933638,0.09980463668712936,-0.01683299258677148,-0.006778857683237167,0.03437219029769112,9.69224639821543,0.01077014834606328,-0.06356582081229704,9.694569875148504,0.01077014834606328,-0.0672259075357204,9.672110688865699,-0.6156807809261389,0.10417409489919308,0.03555469447329018,-0.03555469447329018,0.0035554544654493574,positive_from_right,-0.013363544917206982,0.004554321030254074,-0.929378707254026,0.929180881045766,0.023614224175343007,0.003060455125675976,0.012813624692709427,0.01805704394466314,-0.0005867062353759265,0.03046478235785825,-0.004604983464949078,0.0,0.0,0.0,-0.01683299258677148
1.775653985530665,9.671249707896196,-0.6545981132823518,0.10428834954757311,0.013049163589438056,-0.018355668280932123,0.02138660822406363,17.4475327250211,-0.23236244898407737,0.10168491616186884,-0.01669987977532836,-0.006964295800989552,0.034599260719351384,9.69228670757982,0.010782919555393537,-0.06501108624967095,9.693938604212759,0.010782919555393537,-0.06757796185584018,9.671249707896196,-0.6296623298203987,0.10428834954757311,0.02493578346195313,-0.02493578346195313,0.002493573177913592,positive_from_right,-0.013349991233231679,0.0046053805984776095,-0.9294237269082664,0.9292257456621849,0.02362074161742782,0.0030773528291555526,0.012898104531640388,0.01817566006581765,-0.0005918259035099896,0.029788554521304772,-0.004604983464949078,0.0,0.0,0.0,-0.01669987977532836
1.7859871430158212,9.670413236241883,-0.6578873083598272,0.10438399268301192,0.01311290041909938,-0.01850475720837922,0.020902753469723867,17.547626525213087,-0.23565307004697666,0.1035809160128613,-0.016566257150490482,-0.007151085674394188,0.0348208941704939,9.692241934069385,0.010793741317397626,-0.0662549809325804,9.693327802571806,0.010793741317397626,-0.06792233260507735,9.670413236241883,-0.6416895907854507,0.10438399268301192,0.016197717574376547,-0.016197717574376547,0.0016197703408628,positive_from_right,-0.013339504332966332,0.004644414962062558,-0.929458486128528,0.9292603630793791,0.02362708043978048,0.003086921119300149,0.01296124886632844,0.01826452092942301,-0.0005966356047398588,0.02911474700702122,-0.004604983464949078,0.0,0.0,0.0,-0.016566257150490482
1.7963017935899142,9.669600963295489,-0.6611051455550605,0.10446469817223582,0.01315524730631728,-0.01864450579165437,0.020420947957241288,17.647534090887987,-0.23894990781897768,0.10549270975234491,-0.016432332167245108,-0.007339141850046854,0.03503715044034705,9.692104684121746,0.010802993287724109,-0.06729778524147151,9.692737264364935,0.010802993287724109,-0.06825923270531074,9.669600963295489,-0.6517649464687695,0.10446469817223582,0.009340199086291023,-0.009340199086291023,0.0009340196370183753,positive_from_right,-0.013331827442511674,0.004671485848595402,-0.9294851708178926,0.9292869128770886,0.023633313660443175,0.0030892093090223883,0.013003144163932095,0.018323763973188675,-0.0006011499307717138,0.028444058995194237,-0.004604983464949078,0.0,0.0,0.0,-0.016432332167245108
1.8065990431024848,9.668812607856687,-0.6642537263052489,0.10453397927488645,0.013176309264242708,-0.018775359932565735,0.019941685954493235,17.747266367293758,-0.242253080737584,0.107420398373247,-0.016298310645112134,-0.007528383361694352,0.03524809169927839,9.691868887938472,0.010811038634121929,-0.06813993342516865,9.692166817156103,0.010811038634121929,-0.06858887675097268,9.668812607856687,-0.6598923717684977,0.10453397927488645,0.004361354536751183,-0.004361354536751183,0.0004361354260220789,positive_from_right,-0.013326704568151743,0.004686662984242503,-0.9295058663932285,0.9293074745589908,0.023639511834569086,0.0030842718776062667,0.013023894033925766,0.018353547403911784,-0.0006053837548533746,0.02777717729144003,-0.004604983464949078,0.0,0.0,0.0,-0.016298310645112134
1.8168799487070053,9.668047917005815,-0.6673351703820275,0.10459517535840299,0.013176209236273512,-0.0188977745405573,0.01946545643391275,17.846833822269915,-0.2455627107173106,0.109364109531766,-0.01616439667297286,-0.007718733823923921,0.03545378264378283,9.691529799032699,0.010818222647344462,-0.06878201398704094,9.69161632060708,0.010818222647344462,-0.06891148119531432,9.668047917005815,-0.6660774499336006,0.10459517535840299,0.0012577204484269244,-0.0012577204484269244,0.00012577204417951293,positive_from_right,-0.013323881746245811,0.004690023890722006,-0.9295225499820658,0.9293240197610816,0.023645742744795566,0.0030721684845278962,0.013023619409932926,0.01835405022511991,-0.0006093521524861414,0.02711477623316499,-0.004604983464949078,0.0,0.0,0.0,-0.01616439667297286
1.827145532577703,9.667306664370368,-0.670351619823405,0.10465143955944987,0.013155088172471558,-0.019012211239641745,0.0189927422228906,17.946246579669804,-0.24887892714798351,0.11132399823328518,-0.016030792397571363,-0.007910121663379689,0.03565429078113074,9.691083988520417,0.010824871450830923,-0.06922477022160264,9.691085664722063,0.010824871450830923,-0.06922726475886376,9.667306664370368,-0.6703273870096411,0.10465143955944987,2.4232813763791494e-05,-2.4232813763791494e-05,2.423281376374406e-06,positive_from_right,-0.013323108239743812,0.004681653692046843,-0.929537083189929,0.9293384050295707,0.02365207111131335,0.0030529639598478693,0.013002458641111417,0.01832547221123404,-0.0006130703252005491,0.0264575170654536,-0.004604983464949078,0.0,0.0,0.0,-0.016030792397571363
1.8373986021842843,9.666588538988151,-0.673305568798577,0.10470547764961194,0.013113690026646566,-0.019119155563163525,0.018523950353975253,18.045532045989674,-0.2522024571992819,0.11330059698467991,-0.015897673120946268,-0.008102514348654902,0.03584972071753825,9.690574678940465,0.010831265098549916,-0.06953648319498519,9.690574678940465,0.010831265098549916,-0.06953648319498519,9.666588538988151,-0.673305568798577,0.10470547764961194,0.0,-0.0,0.0,positive_from_right,-0.013323506360907183,0.0046679525972225374,-0.9295512621547214,0.9293524293209323,0.023658547492340844,0.003031471997034152,0.012961152425081031,0.018268763331906447,-0.0006165512687779895,0.025805830723550867,-0.004604983464949078,0.0,0.0,0.0,-0.015897673120946268
1.8475408462625387,9.665900114446286,-0.6761700424563037,0.1047576209031286,0.013056849888302335,-0.019218139491026395,0.018064084359280114,18.143738524220826,-0.2555011041181338,0.11527469490013127,-0.015766493864089695,-0.008293971240219423,0.0360383206367619,9.690087982464625,0.010837430386558591,-0.0698363092815509,9.690087982464625,0.010837430386558591,-0.0698363092815509,9.665900114446286,-0.6761700424563037,0.1047576209031286,0.0,-0.0,0.0,positive_from_right,-0.013323821854439838,0.0046594211507308345,-0.9295657563966357,0.9293667750642721,0.02366504718152277,0.003015434968476443,0.012904529029320398,0.01819049257458329,-0.0006197744129685639,0.025166452491616663,-0.004604983464949078,0.0,0.0,0.0,-0.015766493864089695
1.858056450322434,9.665209512331066,-0.6790795433481331,0.10481042161122,0.01298582867252825,-0.019314062558207272,0.017591820715082664,18.245554314261586,-0.2589326403568857,0.11734136195431023,-0.01563115751324994,-0.008493603813013739,0.03622895216358905,9.689603148113298,0.010843667009684295,-0.07014081669376598,9.689603148113298,0.010843667009684295,-0.07014081669376598,9.665209512331066,-0.6790795433481331,0.10481042161122,0.0,-0.0,0.0,positive_from_right,-0.01332403505677011,0.004654602388111199,-0.9295812667178631,0.9293821362257563,0.02367178888732564,0.003002988793887511,0.012833861191759425,0.018092452745421924,-0.0006228990452116708,0.02450973234129393,-0.004604983464949078,0.0,0.0,0.0,-0.01563115751324994
1.869198157617434,9.66450365513729,-0.6820953882806687,0.10486507280060137,0.012901022865940196,-0.01940873190722488,0.017096854302888036,18.3534259331661,-0.26258105923863134,0.1195532763361389,-0.01548862849726206,-0.008706296421508164,0.03642553275241786,9.689111502215736,0.01085011309752389,-0.07045641361986481,9.689111502215736,0.01085011309752389,-0.07045641361986481,9.66450365513729,-0.6820953882806687,0.10486507280060137,0.0,-0.0,0.0,positive_from_right,-0.013324133189644231,0.004652708538371018,-0.9295982054457924,0.9293989220140068,0.02367885934502921,0.0029931871569507836,0.01274956947633487,0.017975209455517602,-0.0006259839944685083,0.023821331092763944,-0.004604983464949078,0.0,0.0,0.0,-0.01548862849726206
1.8810207533550685,9.663783904661045,-0.6852207363691613,0.10492170903813294,0.01280361987179172,-0.01950189263766493,0.016578039328053972,18.467882927835486,-0.2664663861340524,0.1219254448320371,-0.015338461161697337,-0.008933220428992583,0.036628117939278546,9.688614729596985,0.010856781119847806,-0.0707834177372395,9.688614729596985,0.010856781119847806,-0.0707834177372395,9.663783904661045,-0.6852207363691613,0.10492170903813294,0.0,-0.0,0.0,positive_from_right,-0.013324097851132422,0.0046532256914754155,-0.9296166978595132,0.9294172576065043,0.023686220185995435,0.0029855097744114893,0.012652865922004338,0.017840410945557144,-0.0006290209301700446,0.023099641917337148,-0.004604983464949078,0.0,0.0,0.0,-0.015338461161697337
1.8936085901114046,9.663050817927013,-0.688464444744458,0.10498055915772855,0.012694386797661454,-0.019593441745466986,0.016033118716227025,18.58974096994854,-0.2706187484210258,0.12447965998455823,-0.015179866156839607,-0.009176130774297674,0.03683710104390447,9.688114126047354,0.010863694207265072,-0.07112273916041738,9.688114126047354,0.010863694207265072,-0.07112273916041738,9.663050817927013,-0.688464444744458,0.10498055915772855,0.0,-0.0,0.0,positive_from_right,-0.013323913292225993,0.004655702276279525,-0.9296368970331051,0.9294372956957083,0.023693851558374637,0.0029794836167649132,0.012544548434822377,0.01768912086901153,-0.0006320064427189537,0.022341510417092175,-0.004604983464949078,0.0,0.0,0.0,-0.015179866156839607
1.907060367522984,9.662305489847437,-0.6918361253539479,0.10504184031664361,0.012573790459986321,-0.019683257301757198,0.015459480138528665,18.719954451041847,-0.2750735390817983,0.12724180359264223,-0.015011919803196484,-0.009437082921490017,0.03705287967790677,9.687611593767464,0.010870873684331945,-0.07147536180179301,9.687611593767464,0.010870873684331945,-0.07147536180179301,9.662305489847437,-0.6918361253539479,0.10504184031664361,0.0,-0.0,0.0,positive_from_right,-0.013323567638474412,0.00465975162192075,-0.9296589477603296,0.9294591806942568,0.023701740079268636,0.0029746984744458407,0.012425121691873967,0.0175219835732289,-0.0006349364698680105,0.021543285447612935,-0.004604983464949078,0.0,0.0,0.0,-0.015011919803196484
1.9214947844572772,9.661549648944582,-0.6953467252864017,0.10510574348700498,0.012441979223855074,-0.019771208559426715,0.014853999277142984,18.85967116348986,-0.279873435961547,0.13024335904271642,-0.014833509379768748,-0.009718547779434756,0.03727588088470616,9.687109780770612,0.010878337457667258,-0.07184240230793364,9.687109780770612,0.010878337457667258,-0.07184240230793364,9.661549648944582,-0.6953467252864017,0.10510574348700498,0.0,-0.0,0.0,positive_from_right,-0.013323055451473595,0.004665044449206661,-0.9296829742117828,0.9294830364026936,0.023709879469807522,0.002970797990214289,0.0122947810531944,0.017339198514655596,-0.0006378066125652338,0.02070060056916978,-0.004604983464949078,0.0,0.0,0.0,-0.014833509379768748
1.9370558443737507,9.660785952607597,-0.6990086573063151,0.10517239686164974,0.01229877023057024,-0.019857150004952032,0.014212933253206257,19.010283613013215,-0.2850703700553309,0.13352300791406965,-0.0146432892589787,-0.01002352233945741,0.03750655222846758,9.686612388144324,0.010886095891859078,-0.07222512116666419,9.686612388144324,0.010886095891859078,-0.07222512116666419,9.660785952607597,-0.6990086573063151,0.10517239686164974,0.0,-0.0,0.0,positive_from_right,-0.013322381731562461,0.004671301105019688,-0.9297090560918244,0.9295089422207935,0.02371827000068706,0.0029674716379830997,0.012153402506389265,0.0171405019071384,-0.0006406119216809374,0.01980822512864501,-0.004604983464949078,0.0,0.0,0.0,-0.0146432892589787
1.9539202446669146,9.660018413093423,-0.702835973791003,0.10524180775842143,0.012143624805592603,-0.019940914183700878,0.013531772351830881,19.173500494610014,-0.2907282674367302,0.1371288671337295,-0.014439619771136258,-0.010355683398909327,0.03774534882701048,9.68612461129109,0.010894145308528488,-0.07262493720921344,9.68612461129109,0.010894145308528488,-0.07262493720921344,9.660018413093423,-0.702835973791003,0.10524180775842143,0.0,-0.0,0.0,positive_from_right,-0.013321568230852504,0.004678282973487071,-0.929737190656475,0.9295368952512335,0.023726917820949465,0.002964445803041146,0.012000521844583412,0.016925131717219183,-0.0006433466357786105,0.018859857175156362,-0.004604983464949078,0.0,0.0,0.0,-0.014439619771136258
1.9723074882639513,9.659253045788104,-0.7068445061191326,0.10531376762792802,0.011975609574852998,-0.02002230018153317,0.012805046286068896,19.351444509619114,-0.2969268171319318,0.14112160768513904,-0.014220485186511884,-0.010719597910229865,0.03799270800471095,9.685653800753439,0.01090245740934598,-0.07304343673558603,9.685653800753439,0.01090245740934598,-0.07304343673558603,9.659253045788104,-0.7068445061191326,0.10531376762792802,0.0,-0.0,0.0,positive_from_right,-0.013320663499013887,0.004685782587522999,-0.9297672310505648,0.9295667487787885,0.023735833842694783,0.002961473715956437,0.011835301077716055,0.016691772448849992,-0.0006460037634467579,0.017847852960476744,-0.004604983464949078,0.0,0.0,0.0,-0.014220485186511884
1.9923074882639513,9.658505426472864,-0.7110139563862946,0.10538703883768408,0.011795009202027272,-0.020100374106003308,0.012033175231000828,19.544984124395608,-0.3037033924654179,0.14553735692940184,-0.013985555886247784,-0.011117299217069774,0.03824670705048531,9.685214212774895,0.010910886532860093,-0.0734784122663585,9.685214212774895,0.010910886532860093,-0.0734784122663585,9.658505426472864,-0.7110139563862946,0.10538703883768408,0.0,-0.0,0.0,positive_from_right,-0.013319766634187064,0.004693541821931822,-0.9297985026994869,0.9295978306016475,0.02374494956113581,0.002958352798611905,0.011658115098826305,0.016440795291583613,-0.0006485521920455665,0.016772769507177324,-0.004604983464949078,0.0,0.0,0.0,-0.013985555886247784
2.0123074882639513,9.657846414277136,-0.7149891356862657,0.1054543420064813,0.01161713372318709,-0.020168824626390382,0.011280326504511598,19.73851272493879,-0.3105147929303307,0.1500291674969967,-0.013754139832250923,-0.011516734294943752,0.038485388699970056,9.684850408971897,0.010918598913448764,-0.07389274761713847,9.684850408971897,0.010918598913448764,-0.07389274761713847,9.657846414277136,-0.7149891356862657,0.1054543420064813,0.0,-0.0,0.0,positive_from_right,-0.013319081292490374,0.004700724491291816,-0.9298275714841412,0.9296267241477928,0.02375348647207834,0.002955175118144985,0.011484032906363404,0.01619346697577689,-0.0006507852397914393,0.01572398141223045,-0.004604983464949078,0.0,0.0,0.0,-0.013754139832250923
2.0323074882639514,9.65727610435855,-0.7187745145446791,0.10551482631033401,0.011442233229620643,-0.020228767938622022,0.010546114469773509,19.932031824491375,-0.3173600418858904,0.15459719554319226,-0.013526172260259896,-0.011917709114312308,0.03870912759293468,9.68456255786212,0.010925505993464675,-0.07428689050558249,9.68456255786212,0.010925505993464675,-0.07428689050558249,9.65727610435855,-0.7187745145446791,0.10551482631033401,0.0,-0.0,0.0,positive_from_right,-0.013318730203977109,0.0047072442557830226,-0.9298536709707187,0.9296526637776282,0.02376147083109568,0.0029518427388238733,0.01131329229991189,0.0159501420613445,-0.0006527388246036441,0.014700978437726287,-0.004604983464949078,0.0,0.0,0.0,-0.013526172260259896
2.0523074882639514,9.656794524352941,-0.7223744827358431,0.10556760002647797,0.011270416581672103,-0.02028115345098231,0.009830145774010429,20.12554294009432,-0.3242381780925266,0.1592415501353152,-0.013301585202825584,-0.012320050796243681,0.03891829095697994,9.68435077313168,0.010931515078525253,-0.07466128181871237,9.68435077313168,0.010931515078525253,-0.07466128181871237,9.656794524352941,-0.7223744827358431,0.10556760002647797,0.0,-0.0,0.0,positive_from_right,-0.013318832631871629,0.004713060447282773,-0.9298760448181701,0.9296748940774044,0.023768924979993375,0.002948303851596516,0.011145989604334092,0.015710978197392537,-0.0006544435039482222,0.01370323845738052,-0.004604983464949078,0.0,0.0,0.0,-0.013301585202825584
2.0723074882639514,9.656401639661931,-0.7257933414863272,0.10561175783572968,0.011101714381944598,-0.02032678437060196,0.009132026691779526,20.31904759150675,-0.33114825566159123,0.1639622962726856,-0.013080309627474543,-0.01272360446893615,0.03911323846915751,9.684215117623351,0.010936532166113847,-0.07501635474788644,9.684215117623351,0.010936532166113847,-0.07501635474788644,9.656401639661931,-0.7257933414863272,0.10561175783572968,0.0,-0.0,0.0,positive_from_right,-0.013319502719944988,0.004718157630147449,-0.9298939594950839,0.9296926825277616,0.023775867033405156,0.0029445323430088407,0.010982142710001,0.015476023852827543,-0.0006559251357658828,0.012730237695223658,-0.004604983464949078,0.0,0.0,0.0,-0.013080309627474543
2.0923074882639514,9.656097358382977,-0.7290353001571219,0.10564640251925146,0.01093611413067185,-0.020366336448510512,0.008451367151692,20.512547300205718,-0.33808934389372797,0.1687594578502551,-0.012862276619130088,-0.01312823051608381,0.03929432223807134,9.684155607269597,0.010940464195123241,-0.07535253438601171,9.684155607269597,0.010940464195123241,-0.07535253438601171,9.656097358382977,-0.7290353001571219,0.10564640251925146,0.0,-0.0,0.0,positive_from_right,-0.01332084831843128,0.004722534217868578,-0.9299067138753618,0.9297053290596216,0.023782311101712757,0.0029405163896358295,0.010821726297528304,0.015245267295503084,-0.0006572054806081303,0.011781456347334565,-0.004604983464949078,0.0,0.0,0.0,-0.012862276619130088
2.1123074882639514,9.655881535895357,-0.7321044754010924,0.10567066173550525,0.01077357985209469,-0.02040037488547858,0.007787782910345905,20.706043588462613,-0.34506052705936185,0.1736330205245135,-0.012647418028393975,-0.013533802181193414,0.03946188685474528,9.684172214851346,0.010943220786697004,-0.07567023758099216,9.684172214851346,0.010943220786697004,-0.07567023758099216,9.655881535895357,-0.7321044754010924,0.10567066173550525,0.0,-0.0,0.0,positive_from_right,-0.013322970195640334,0.004726196141717316,-0.929913646149059,0.9297121729331274,0.02378826775245715,0.002936252090899193,0.010664691528825525,0.01501866393704058,-0.0006583027449610381,0.010856381625312057,-0.004604983464949078,0.0,0.0,0.0,-0.012647418028393975
2.1323074882639514,9.655753979112072,-0.7350048916782185,0.10568370058965185,0.010614063050556469,-0.02042936946603806,0.007140896690959896,20.89953797849192,-0.3520609041510147,0.17858293445105095,-0.012435666821171639,-0.013940203492228924,0.03961626948294569,9.684264873520336,0.010944715549628137,-0.07596987293056247,9.684264873520336,0.010944715549628137,-0.07596987293056247,9.655753979112072,-0.7350048916782185,0.10568370058965185,0.0,-0.0,0.0,positive_from_right,-0.013325961559196298,0.004729153336800855,-0.9299141384821342,0.9297125973724394,0.023793744551765562,0.0029317399147600408,0.01051097706009495,0.014796151597867738,-0.0006592320678457627,0.009954509359977406,-0.004604983464949078,0.0,0.0,0.0,-0.012435666821171639
2.1523074882639515,9.65571445040752,-0.7377404825054142,0.10568473067364594,0.010457508824736766,-0.020453708023265717,0.006510338743446701,21.093031991667473,-0.35908958862386425,0.18360911687240794,-0.012226957261224301,-0.014347327472429922,0.03975779997221214,9.684433480056203,0.01094486702018921,-0.076251840854505,9.684433480056203,0.01094486702018921,-0.076251840854505,9.65571445040752,-0.7377404825054142,0.10568473067364594,0.0,-0.0,0.0,positive_from_right,-0.013329907823678863,0.004731417798440081,-0.9299076198275624,0.9297060323578575,0.02379874660430438,0.002926982713964625,0.01036051520428744,0.014577659026176411,-0.000660005953929423,0.009075344801275913,-0.004604983464949078,0.0,0.0,0.0,-0.012226957261224301
2.1723074882639515,9.655762671232182,-0.7403150920935798,0.10567301619337219,0.010303859277240266,-0.020473708354420975,0.005895747081259608,21.286527147801113,-0.3661457081335378,0.1887114545425378,-0.012021224999217763,-0.014755074605252964,0.039886800983917024,9.684677897849458,0.010943599299968217,-0.0765165337086057,9.684677897849458,0.010943599299968217,-0.0765165337086057,9.655762671232182,-0.7403150920935798,0.10567301619337219,0.0,-0.0,0.0,positive_from_right,-0.013334886571858506,0.0047330025129441065,-0.9298935672467558,0.9296919559332625,0.023803277052495988,0.002921984619297043,0.01021323538045227,0.01436311064858771,-0.0006606346569540819,0.008218402969775458,-0.004604983464949078,0.0,0.0,0.0,-0.012021224999217763
2.1923074882639515,9.655898325427302,-0.7427324771785008,0.10564787772707894,0.010153055412821008,-0.020489628714453804,0.005296767537872628,21.480024964478613,-0.3732284042759752,0.1938898059804726,-0.011818407109435877,-0.015163351523789817,0.040003588124667866,9.684997959613296,0.01094084244790678,-0.07676433592051567,9.684997959613296,0.01094084244790678,-0.07676433592051567,9.655898325427302,-0.7427324771785008,0.10564787772707894,0.0,-0.0,0.0,positive_from_right,-0.013340967665443645,0.004733920874504701,-0.929871506053372,0.9296698943400875,0.023807337518618615,0.0029167504226188137,0.010069066044024789,0.014152429215230975,-0.0006611265175240651,0.007383208758480276,-0.004604983464949078,0.0,0.0,0.0,-0.011818407109435877
2.2123074882639515,9.656121062254279,-0.7449963089381422,0.10560869408649812,0.010005038191620989,-0.020501677014931118,0.0047130537229229715,21.673526956447873,-0.3803368323318773,0.19914400355078274,-0.011618442097222164,-0.015572069897526821,0.040108470083638104,9.685393469834295,0.010936532675259349,-0.07699562413649648,9.685393469834295,0.010936532675259349,-0.07699562413649648,9.656121062254279,-0.7449963089381422,0.10560869408649812,0.0,-0.0,0.0,positive_from_right,-0.013348213468689035,0.004734186371658528,-0.929841009045945,0.9296394212434915,0.02381092848554606,0.002911285233478753,0.009927935765408586,0.013945537267800252,-0.0006614882593175211,0.0065692968961589,-0.004604983464949078,0.0,0.0,0.0,-0.011618442097222164
2.2323074882639515,9.656430499154741,-0.7471101749368448,0.10555490268313722,0.009859749109658016,-0.02051001885258521,0.004144266922925181,21.867034635054587,-0.38747016101696324,0.20447385537232882,-0.011421269890091472,-0.015981145491808457,0.04020174877171818,9.685864206976087,0.010930612385108058,-0.07721076737293447,9.685864206976087,0.010930612385108058,-0.07721076737293447,9.656430499154741,-0.7471101749368448,0.10555490268313722,0.0,-0.0,0.0,positive_from_right,-0.013356679154581063,0.004733812422618099,-0.929801695053588,0.9296001562743169,0.023814049618078478,0.002905594288545107,0.009789773830100127,0.013742357949279875,-0.0006617252476879271,0.005776211834478806,-0.004604983464949078,0.0,0.0,0.0,-0.011421269890091472
2.2523074882639516,9.656826224258262,-0.7490775810636976,0.10548599873946472,0.009717130514570401,-0.020514784486011493,0.003590075971821211,22.060549507720804,-0.3946275722385439,0.2098791470597837,-0.011226831819790152,-0.01639049737778563,0.04028371946114139,9.686409925452484,0.010923030091605924,-0.07741012716923838,9.686409925452484,0.010923030091605924,-0.07741012716923838,9.656826224258262,-0.7490775810636976,0.10548599873946472,0.0,-0.0,0.0,positive_from_right,-0.013366413068770936,0.004732812292271474,-0.9297532269812173,0.929551763072713,0.023816700029745647,0.0028996828464153955,0.009654510569320639,0.013542815445173564,-0.0006618417144450057,0.005003507593895511,-0.004604983464949078,0.0,0.0,0.0,-0.011226831819790152
2.2723074882639516,9.657307798655124,-0.7509019534472968,0.10540153362885692,0.009577125772919462,-0.020516074872011042,0.0030501571056286156,22.254073077462127,-0.4018082608585286,0.21535964330460713,-0.01103507059941065,-0.016800047272924237,0.04035467092469382,9.687030357387519,0.010913740248364053,-0.07759405774025252,9.687030357387519,0.010913740248364053,-0.07759405774025252,9.657307798655124,-0.7509019534472968,0.10540153362885692,0.0,-0.0,0.0,positive_from_right,-0.013377457131087223,0.004731199053505055,-0.9296953095075445,0.9294939469861961,0.023818878501122458,0.002893556130123806,0.00952207753831548,0.013346835218268181,-0.0006618409523837291,0.00425074758794204,-0.004604983464949078,0.0,0.0,0.0,-0.01103507059941065
2.2923074882639516,9.657874758451651,-0.7525866403374323,0.10530111257923994,0.00943967935412907,-0.02051396686531798,0.002524193809276329,22.447606842439598,-0.40901143446277144,0.22091508930371723,-0.010845930297886068,-0.017209718994299253,0.04041488557389688,9.687725214180176,0.010902703010349143,-0.07776290612715893,9.687725214180176,0.010902703010349143,-0.07776290612715893,9.657874758451651,-0.7525866403374323,0.10530111257923994,0.0,-0.0,0.0,positive_from_right,-0.01338984725842426,0.00472898557215776,-0.9296276865603317,0.9294264525462392,0.023820583655913455,0.0028872192962887317,0.009392407608147184,0.013154344127578217,-0.0006617254828851343,0.0035175044369912156,-0.004604983464949078,0.0,0.0,0.0,-0.010845930297886068
2.3123074882639516,9.65852661662548,-0.7541349139488815,0.10518439193298941,0.00930473686752314,-0.020508517677391477,0.002011876660245095,22.641152295542568,-0.4162363131365567,0.22654521204514244,-0.010659356313188626,-0.017619438008892208,0.040464639595729476,9.68849418789142,0.010889883949281169,-0.0779170123463073,9.68849418789142,0.010889883949281169,-0.0779170123463073,9.65852661662548,-0.7541349139488815,0.10518439193298941,0.0,-0.0,0.0,positive_from_right,-0.013403613796157213,0.004726184504198832,-0.9295501386687939,0.9293490608229461,0.0238218141008006,0.0028806774191278647,0.009265435008078107,0.0129652704822338,-0.0006614971996571591,0.002803359777750962,-0.004604983464949078,0.0,0.0,0.0,-0.010659356313188626
2.3323074882639516,9.659262864697617,-0.7555499722650771,0.10505107611928087,0.009172245072924681,-0.02049976868186956,0.0015129031716684073,22.834710923999257,-0.4234821292459739,0.2322497214605552,-0.010475295344990565,-0.018029131066941977,0.04050420308757484,9.689336952470484,0.010875253738761158,-0.07805670953566966,9.689336952470484,0.010875253738761158,-0.07805670953566966,9.659262864697617,-0.7555499722650771,0.10505107611928087,0.0,-0.0,0.0,positive_from_right,-0.013418781948056485,0.00472280829889147,-0.9294624802721358,0.9292615867365257,0.023822568534558802,0.0028739354827561803,0.009141095339537185,0.01277954405878222,-0.0006611574914267852,0.002107904072044471,-0.004604983464949078,0.0,0.0,0.0,-0.010475295344990565
2.3523074882639516,9.66008297423754,-0.7568349408008443,0.10490091446412231,0.009042151876331634,-0.020487748646369,0.0010269776364356545,23.028284209011904,-0.43074812722491496,0.23802831145486864,-0.01029369536722516,-0.01843872590607106,0.040533840190159987,9.690253164836635,0.010858787822154962,-0.07818232409875828,9.690253164836635,0.010858787822154962,-0.07818232409875828,9.66008297423754,-0.7568349408008443,0.10490091446412231,0.0,-0.0,0.0,positive_from_right,-0.013435372197032435,0.0047188692045774215,-0.9293645570456275,0.9291638763867508,0.02382284583136718,0.0028669983780814498,0.009019325573623966,0.012597096097905196,-0.0006607073461427206,0.0014307364168968096,-0.004604983464949078,0.0,0.0,0.0,-0.01029369536722516
2.3723074882639517,9.660986398216783,-0.7579928743241955,0.10473369793711779,0.008914406317173685,-0.020472476462702633,0.0005538109732007839,23.22187362541377,-0.4380335633674256,0.24388066082309762,-0.01011450560080224,-0.018848151015426695,0.04055380921831564,9.691242465831692,0.010840466073547194,-0.07829417584592355,9.691242465831692,0.010840466073547194,-0.07829417584592355,9.660986398216783,-0.7579928743241955,0.10473369793711779,0.0,-0.0,0.0,positive_from_right,-0.013453400710998232,0.004714379275309144,-0.929256243290938,0.9290558044469475,0.023822645102653587,0.002859870902233376,0.008900064039011028,0.01241785928957427,-0.0006601474390049257,0.0007714643570801385,-0.004604983464949078,0.0,0.0,0.0,-0.01011450560080224
2.3923074882639517,9.661972572225576,-0.7590267585376002,0.10454925591202395,0.008788958550843728,-0.02045396344035809,9.312057482965163e-05,23.415480641345482,-0.4453377056251535,0.2498064340645014,-0.009937676486626836,-0.019257335450445077,0.04056436278943005,9.692304481057493,0.010820272459800143,-0.07839257813299234,9.692304481057493,0.010820272459800143,-0.07839257813299234,9.661972572225576,-0.7590267585376002,0.10454925591202395,0.0,-0.0,0.0,positive_from_right,-0.013472879729750637,0.004709350377432702,-0.9291374394252873,0.9289372716569304,0.0238219657412445,0.0028525577593697224,0.008783250404226306,0.012241767751753991,-0.0006594782064063375,0.0001297037007718041,-0.004604983464949078,0.0,0.0,0.0,-0.009937676486626836
2.4123074882639517,9.663040915566135,-0.7599395117193792,0.10434745299983081,0.008665759828617349,-0.02043221522129466,-0.00035536984039897076,23.6091067179485,-0.4526598334096489,0.2558052821036918,-0.00976315965900794,-0.01966620869007573,0.040565747949505467,9.693438821611506,0.010798194709850542,-0.07847783799723122,9.693438821611506,0.010798194709850542,-0.07847783799723122,9.663040915566135,-0.7599395117193792,0.10434745299983081,0.0,-0.0,0.0,positive_from_right,-0.013493817930083985,0.004703794195702768,-0.9290080695939762,0.92880820243934,0.02382080745106987,0.0028450635622109337,0.00866882565665825,0.012068757005564444,-0.000658699907654968,-0.0004949216613086887,-0.004604983464949078,0.0,0.0,0.0,-0.00976315965900794
2.4323074882639517,9.664190832235285,-0.7607339863259932,0.10412818599792141,0.008544762476181942,-0.02040723336779808,-0.0007919303746551691,23.802753309073708,-0.45999923739929005,0.26187684292794755,-0.00959090791950771,-0.020074700529400732,0.040558206296754516,9.694645084732663,0.01077422399580089,-0.07855025629063349,9.694645084732663,0.01077422399580089,-0.07855025629063349,9.664190832235285,-0.7607339863259932,0.10412818599792141,0.0,-0.0,0.0,positive_from_right,-0.013516220767415736,0.004697722238767901,-0.9288680794227318,0.9286685426557334,0.02381917026520084,0.002837392833939855,0.00855673207968655,0.011898763948575967,-0.0006578126761422084,-0.0011027799330871118,-0.004604983464949078,0.0,0.0,0.0,-0.00959090791950771
2.4523074882639517,9.665421711808042,-0.7614129705560484,0.10389138098640259,0.008425919871491144,-0.020379016669299425,-0.0012168250933801798,23.996421861003345,-0.4673552193506231,0.26802074214945787,-0.009420875211259321,-0.020482741001559925,0.040541974102696283,9.695922854368456,0.010748354629066587,-0.07861012781053697,9.695922854368456,0.010748354629066587,-0.07861012781053697,9.665421711808042,-0.7614129705560484,0.10389138098640259,0.0,-0.0,0.0,positive_from_right,-0.013540090793051527,0.004691145843998096,-0.9287174339197513,0.92851825751225,0.023817054554578054,0.002829550010263179,0.00844691322879521,0.011731726827207675,-0.0006568165614361087,-0.0016942315865509645,-0.004604983464949078,0.0,0.0,0.0,-0.009420875211259321
2.4723074882639517,9.666732930232897,-0.76197918987687,0.1036369905925598,0.008309186422370924,-0.020347562208713994,-0.001630312165018825,24.19011381218471,-0.47472709191392015,0.27423659350065205,-0.009253016593768109,-0.020890260323757546,0.04051728243073088,9.69727170167329,0.010720583773785142,-0.07865774142758598,9.69727170167329,0.010720583773785142,-0.07865774142758598,9.666732930232897,-0.76197918987687,0.1036369905925598,0.0,-0.0,0.0,positive_from_right,-0.013565427946886107,0.004684076181693019,-0.9285561155321266,0.9283573296194889,0.023814461029418404,0.002821539441521535,0.008339313907202831,0.011567585208801724,-0.0006557115636066923,-0.002269629531361526,-0.004604983464949078,0.0,0.0,0.0,-0.009253016593768109
2.4923074882639518,9.66812385054853,-0.7624353085144926,0.10336499143621947,0.008194517544136398,-0.02031286622397899,-0.0020326439976459595,24.383830592974263,-0.4821141784527783,0.28052399927018257,-0.009087288218201966,-0.02129718886288806,0.04048435725218622,9.698691185447114,0.010690911178842855,-0.0786933802110548,9.698691185447114,0.010690911178842855,-0.0786933802110548,9.66812385054853,-0.7624353085144926,0.10336499143621947,0.0,-0.0,0.0,positive_from_right,-0.013592229825853949,0.004676524258738553,-0.9283841223572502,0.9281857572071688,0.02381139073496497,0.002813365394785994,0.00823388014135122,0.011406279953715369,-0.0006544976609337004,-0.0028293192806669847,-0.004604983464949078,0.0,0.0,0.0,-0.009087288218201966
2.512307488263952,9.669593823530878,-0.762783930907913,0.10307538176230159,0.008081869637380125,-0.020274924796048192,-0.002424067372494146,24.57757362539091,-0.48951581286759294,0.28688255068652846,-0.008923647303171465,-0.021703457116988165,0.04044341955984327,9.700180852522456,0.010659338929196493,-0.0787173215515527,9.700180852522456,0.010659338929196493,-0.0787173215515527,9.669593823530878,-0.762783930907913,0.10307538176230159,0.0,-0.0,0.0,positive_from_right,-0.013620491928834745,0.004668500921788841,-0.9282014665066695,0.9280035524910168,0.023807845042964414,0.002805032055907571,0.008130559156474072,0.011247753187638735,-0.0006531748320050606,-0.003373639113147165,-0.004604983464949078,0.0,0.0,0.0,-0.008923647303171465
2.532307488263952,9.671142188278525,-0.7630276031284344,0.10276817926174808,0.007971200066033803,-0.02023373439061582,-0.0028048235744061664,24.771344322877415,-0.4969313394227546,0.2933118282555941,-0.008762052110996543,-0.022108995709307175,0.04039468547895623,9.70174023810705,0.010625871216635434,-0.07872983728113522,9.70174023810705,0.010625871216635434,-0.07872983728113522,9.671142188278525,-0.7630276031284344,0.10276817926174808,0.0,-0.0,0.0,positive_from_right,-0.013650207879005897,0.00466001686005032,-0.9280081726174996,0.9278107401869862,0.023803825640014258,0.00279654353150281,0.008029299352391763,0.011091948274266808,-0.0006517430730861499,-0.0039029202313368965,-0.004604983464949078,0.0,0.0,0.0,-0.008762052110996543
2.552307488263952,9.672768272743703,-0.7631688142649201,0.10244341907808578,0.00786246713576896,-0.020189292277265215,-0.0031751485192477247,24.965144090068975,-0.5043601125774301,0.29981140205809964,-0.008602461924454187,-0.02251373539229774,0.040338366375792065,9.703368866088526,0.01059051412971919,-0.07873119379084731,9.703368866088526,0.01059051412971919,-0.07873119379084731,9.672768272743703,-0.7631688142649201,0.10244341907808578,0.0,-0.0,0.0,positive_from_right,-0.013681369624835767,0.004651082607738412,-0.927804276504802,0.9276073561662052,0.023799334513715006,0.002787903850867744,0.007930050279628816,0.01093880978840577,-0.0006502024115247954,-0.004417486916286134,-0.004604983464949078,0.0,0.0,0.0,-0.008602461924454187
2.572307488263952,9.674471394215342,-0.7632099977757528,0.10210115199393029,0.007755630072779266,-0.020141596846543614,-0.003535272878324241,25.15897432256825,-0.5118014968197984,0.3063808320120044,-0.008444837024000005,-0.022917607059270633,0.04027466896372052,9.705066249306817,0.010553275462316105,-0.07872165214572781,9.705066249306817,0.010553275462316105,-0.07872165214572781,9.674471394215342,-0.7632099977757528,0.10210115199393029,0.0,-0.0,0.0,positive_from_right,-0.013713967621042988,0.0046417085462696715,-0.9275898239471488,0.9273934462428819,0.023794373937384993,0.002779116967817922,0.00783276261591753,0.010788283489563849,-0.0006485529158540721,-0.004917656678622475,-0.004604983464949078,0.0,0.0,0.0,-0.008444837024000005
2.592307488263952,9.676250859759998,-0.7631535328082825,0.10174144278958397,0.007650649002971906,-0.020090647842624074,-0.003885422199851864,25.352836406726066,-0.5192548665046228,0.313019668104679,-0.008289138665455496,-0.023320541761839186,0.04020379540689076,9.706831889799306,0.010514164539943001,-0.07870146819730639,9.706831889799306,0.010514164539943001,-0.07870146819730639,9.676250859759998,-0.7631535328082825,0.10174144278958397,0.0,-0.0,0.0,positive_from_right,-0.013747990990923652,0.004631904906243707,-0.9273648695968406,0.927169065086635,0.02378894645394553,0.0027701867624551693,0.00773738814312816,0.010640316296057353,-0.0006467947031634264,-0.005403740406086776,-0.004604983464949078,0.0,0.0,0.0,-0.008289138665455496
2.612307488263952,9.678105966625806,-0.7630017454865249,0.10136436876438733,0.007547484931585219,-0.020036446526701123,-0.00422581702753733,25.546731719427274,-0.5267196056940495,0.3197274505990467,-0.008135329058152252,-0.023722470731606955,0.04012594342153479,9.70866527902309,0.010473192062948373,-0.07867089269362676,9.70866527902309,0.010473192062948373,-0.07867089269362676,9.678105966625806,-0.7630017454865249,0.10136436876438733,0.0,-0.0,0.0,positive_from_right,-0.01378342767147904,0.004621681769260923,-0.9271294760058318,0.9269342752503152,0.023783054859457274,0.0027611170428634164,0.007643879724650095,0.010494856259649831,-0.0006449279442275857,-0.005876042507615868,-0.004604983464949078,0.0,0.0,0.0,-0.008135329058152252
2.632307488263952,9.680036002614061,-0.7627569101678582,0.10097001841051444,0.007446099723242475,-0.019978995784049842,-0.004556673016324471,25.740661627881206,-0.5341951080015299,0.3265037102174535,-0.0079833713435239,-0.024123325404833112,0.04004130637494091,9.71056589805821,0.010430369965479155,-0.07863017138683136,9.71056589805821,0.010430369965479155,-0.07863017138683136,9.680036002614061,-0.7627569101678582,0.10097001841051444,0.0,-0.0,0.0,positive_from_right,-0.013820264542774002,0.004611049069614519,-0.9268837127582685,0.926689146304235,0.023776702186682257,0.002751911546736799,0.007552191283236852,0.010351852540733442,-0.0006429528668111974,-0.00633486105404849,-0.004604983464949078,0.0,0.0,0.0,-0.0079833713435239
2.652307488263952,9.68204024642249,-0.7624212506694455,0.10055849022836427,0.007346456082446504,-0.019918300185731926,-0.0048782010453673535,25.934627489416364,-0.5416807764387713,0.33334796830660185,-0.007833229574136466,-0.024523037449049292,0.03995007338214249,9.712533217795151,0.010385711289113605,-0.07857954513834521,9.712533217795151,0.010385711289113605,-0.07857954513834521,9.68204024642249,-0.7624212506694455,0.10055849022836427,0.0,-0.0,0.0,positive_from_right,-0.013858487542925537,0.004600016595888324,-0.9266276557006157,0.9264337540677916,0.02376989168895719,0.0027425739429436918,0.007462277779319494,0.010211255384055415,-0.0006408697575043401,-0.0067804879155316,-0.004604983464949078,0.0,0.0,0.0,-0.007833229574136466
2.672307488263952,9.684117967963774,-0.7619969414650971,0.10012989167249373,0.007248517534515928,-0.019854366014230542,-0.005190607328291326,26.128630651278932,-0.5491760232656279,0.3402597369864908,-0.007684868693147798,-0.024921538790804363,0.039852429400369045,9.714566699109504,0.010339230070019988,-0.07851925002169753,9.714566699109504,0.010339230070019988,-0.07851925002169753,9.684117967963774,-0.7619969414650971,0.10012989167249373,0.0,-0.0,0.0,positive_from_right,-0.013898081770071903,0.004588593992486069,-0.926361386260565,0.9261681799296925,0.023762626824590603,0.0027331078330304205,0.007374095189787133,0.010073016094988056,-0.0006386789623891085,-0.007213208895704658,-0.004604983464949078,0.0,0.0,0.0,-0.007684868693147798
2.692307488263952,9.686268428662512,-0.761486108853268,0.09968433821709387,0.007152248406960946,-0.01978720126081425,-0.005494093520804009,26.322672450434847,-0.5566802698428466,0.3472385192859498,-0.00753825451418674,-0.025318761643884684,0.0397485553213075,9.716665793026248,0.010290941238505399,-0.07844951742302174,9.716665793026248,0.010290941238505399,-0.07844951742302174,9.686268428662512,-0.761486108853268,0.09968433821709387,0.0,-0.0,0.0,positive_from_right,-0.013939031572607962,0.004576790761112509,-0.9260849908462607,0.9258925102483321,0.023754911241935628,0.0027235167526684302,0.007287600487229023,0.009937087016337593,-0.0006363808867896245,-0.007633303862739303,-0.004604983464949078,0.0,0.0,0.0,-0.00753825451418674
2.712307488263952,9.688490881733383,-0.760890832096872,0.09922195253026553,0.00705761381129435,-0.019716815601145396,-0.005788856825718386,26.516754213375155,-0.5641929464875917,0.3542838092670285,-0.007393353701642932,-0.025714638537500584,0.039638628061221926,9.7188299408758,0.010240860529844483,-0.07837057413927516,9.7188299408758,0.010240860529844483,-0.07837057413927516,9.688490881733383,-0.760890832096872,0.09922195253026553,0.0,-0.0,0.0,positive_from_right,-0.013981320628898909,0.004564616262222407,-0.9257985603178098,0.9256068358242983,0.023746748765241563,0.0027138041730485228,0.007202751619629803,0.009803421505684654,-0.0006339759943163179,-0.008041046877311228,-0.004604983464949078,0.0,0.0,0.0,-0.007393353701642932
2.732307488263952,9.690784572442913,-0.7602131445355774,0.09874286374675323,0.006964579625271911,-0.019643220354539283,-0.006075090095450007,26.710877255924476,-0.5717134923316718,0.36139509214021515,-0.0072501337513582445,-0.026109102344049357,0.03952282064898049,9.721058574443585,0.01018900440531894,-0.07828264247422073,9.721058574443585,0.01018900440531894,-0.07828264247422073,9.690784572442913,-0.7602131445355774,0.09874286374675323,0.0,-0.0,0.0,positive_from_right,-0.014024932017604038,0.004552079716449632,-0.9255021895235067,0.9253112514374577,0.023738143381347367,0.002703973502225595,0.007119507490507537,0.009671973913247655,-0.0006314648053794782,-0.008436706317580171,-0.004604983464949078,0.0,0.0,0.0,-0.0072501337513582445
2.752307488263952,9.693148738356996,-0.7594550346712339,0.09824720682930402,0.006873112475554962,-0.019566428431326846,-0.0063529819320497,26.90504288305241,-0.5792413551824002,0.3685718443721918,-0.007108562971711129,-0.026502086306163755,0.03940130231203782,9.723351116114705,0.010135389982450654,-0.07818594033221436,9.723351116114705,0.010135389982450654,-0.07818594033221436,9.693148738356996,-0.7594550346712339,0.09824720682930402,0.0,-0.0,0.0,positive_from_right,-0.014069848279659198,0.0045391902060255675,-0.9251959768937421,0.9250058554415955,0.023729099227249077,0.0026940280864171254,0.007037827939482981,0.009542699560259035,-0.0006288478953162497,-0.008820545001252754,-0.004604983464949078,0.0,0.0,0.0,-0.007108562971711129
2.772307488263952,9.695582609575983,-0.7586184472270675,0.09773512200939503,0.006783179720787228,-0.01948645427195768,-0.006622716784832486,27.099252388687717,-0.5867759913860209,0.37581353378760246,-0.006968610465085368,-0.026893524062836113,0.039274238560420914,9.725706979014925,0.01008003497347088,-0.07808068130984132,9.725706979014925,0.01008003497347088,-0.07808068130984132,9.695582609575983,-0.7586184472270675,0.09773512200939503,0.0,-0.0,0.0,positive_from_right,-0.01411605147288239,0.004525956676193434,-0.9248800240860681,0.9246907494101,0.023719620578548258,0.0026839712112583826,0.006957673723267868,0.009415554717843515,-0.0006261258922488692,-0.009192820304801551,-0.004604983464949078,0.0,0.0,0.0,-0.006968610465085368
2.792307488263952,9.69808540895897,-0.7577052841812647,0.09720675429869734,0.00669474943507721,-0.01940331378078542,-0.0068844750456623655,27.293507055535205,-0.5943168656936384,0.3831196196661007,-0.006830246109714976,-0.027283349674474253,0.03914179126876598,9.728125567149121,0.01002295763113217,-0.07796707478544607,9.728125567149121,0.01002295763113217,-0.07796707478544607,9.69808540895897,-0.7577052841812647,0.09720675429869734,0.0,-0.0,0.0,positive_from_right,-0.014163523220083322,0.004512387936623033,-0.9245544356754475,0.9243660378267299,0.023709711838769392,0.0026738061030171477,0.006879006497059712,0.009290496586386933,-0.0006232994747694642,-0.009553784279912273,-0.004604983464949078,0.0,0.0,0.0,-0.006830246109714976
2.812307488263952,9.700656352338653,-0.7567174057755519,0.09666225306328384,0.0066077903918771285,-0.019317024256888714,-0.00713843314195155,27.48780815489525,-0.6018634511295881,0.3904895528357598,-0.006693440541897239,-0.027671497646798486,0.03900411875645286,9.730606275537985,0.009964176701036028,-0.07784532600660002,9.730606275537985,0.009964176701036028,-0.07784532600660002,9.700656352338653,-0.7567174057755519,0.09666225306328384,0.0,-0.0,0.0,positive_from_right,-0.014212244751477778,0.004498492662828783,-0.924219318884221,0.9240318278160071,0.023699377529520203,0.0026635359297704528,0.006801788796330716,0.009167483275384017,-0.0006203693695276941,-0.009903683767229384,-0.004604983464949078,0.0,0.0,0.0,-0.006693440541897239
2.832307488263952,9.703294648727958,-0.7556566314993658,0.0961017716532389,0.0065222720482490965,-0.019227604323784706,-0.0073847636274315094,27.682156946485858,-0.6094152288621905,0.3979227757637655,-0.0065581651385661415,-0.02805790295353135,0.03886137586588304,9.733148490353802,0.009903711379716493,-0.07771563617555151,9.733148490353802,0.009903711379716493,-0.07771563617555151,9.703294648727958,-0.7556566314993658,0.0961017716532389,0.0,-0.0,0.0,positive_from_right,-0.01426219694212878,0.004484279397592491,-0.9238747833468444,0.9236882289083008,0.02368862228145788,0.0026531638025456593,0.006725984018998585,0.009046473783753211,-0.0006173363487814523,-0.010242760507468788,-0.004604983464949078,0.0,0.0,0.0,-0.0065581651385661415
2.852307488263952,9.705999500519495,-0.7545247410501943,0.09552546708096221,0.006438164529509082,-0.019135073859476392,-0.0076236352707519045,27.87655467826722,-0.6169716880768338,0.40541872264516926,-0.006424392000218654,-0.02844250105786499,0.03871371403894602,9.735751589055802,0.009841581277785682,-0.07757820253270296,9.735751589055802,0.009841581277785682,-0.07757820253270296,9.705999500519495,-0.7545247410501943,0.09552546708096221,0.0,-0.0,0.0,positive_from_right,-0.014313360345064054,0.004469756552391435,-0.9235209409049229,0.9233353528351388,0.023677450826017472,0.002642692776428015,0.006651556407967431,0.008927427980606669,-0.0006142012279574093,-0.010571251249964572,-0.004604983464949078,0.0,0.0,0.0,-0.006424392000218654
2.872307488263952,9.708770103678717,-0.7533234752706556,0.0949334997420789,0.006355438614239234,-0.019039453927928836,-0.00785521314196215,28.07100258626879,-0.624532325851329,0.41297681949035475,-0.006292093934186596,-0.028825227932716614,0.03856128139171818,9.738414940525628,0.009777806387511499,-0.07743321843815905,9.738414940525628,0.009777806387511499,-0.07743321843815905,9.708770103678717,-0.7533234752706556,0.0949334997420789,0.0,-0.0,0.0,positive_from_right,-0.014365715220649613,0.004454932408831308,-0.9231579054285359,0.922973313350745,0.023665867987853525,0.002632125851636537,0.006578471034027521,0.008810306586463722,-0.0006109648632569584,-0.010889387858715053,-0.004604983464949078,0.0,0.0,0.0,-0.006292093934186596
2.892307488263952,9.71160564793156,-0.7520545370628698,0.09432603317345875,0.006274065719659126,-0.018940766712783264,-0.008079658696928992,28.265501894418808,-0.6320966470334881,0.4205964842117625,-0.006161244438247004,-0.029206020079801834,0.03840422278743704,9.741137905203233,0.009712407054259098,-0.07728087345139034,9.741137905203233,0.009712407054259098,-0.07728087345139034,9.71160564793156,-0.7520545370628698,0.09432603317345875,0.0,-0.0,0.0,positive_from_right,-0.01441924156273521,0.004439815120083261,-0.9227857926602709,0.9226022260762342,0.023653878677943795,0.002621465974570026,0.006506693779103004,0.008695071154896155,-0.0006076281493338821,-0.01119739741599169,-0.004604983464949078,0.0,0.0,0.0,-0.006161244438247004
2.912307488263952,9.714505316947227,-0.750719592280666,0.09370323384340633,0.006194017887346661,-0.018839035453883175,-0.008297129859742128,28.460053814376273,-0.6396641641208729,0.4282771267103234,-0.006031817684564162,-0.029584814547569664,0.03824267990779292,9.743919835223538,0.009645403951285636,-0.07712135340905583,9.743919835223538,0.009645403951285636,-0.07712135340905583,9.714505316947227,-0.750719592280666,0.09370323384340633,0.0,-0.0,0.0,positive_from_right,-0.01447391912202794,0.004424412712323604,-0.9224047200787746,0.9222222083632783,0.023641487887302592,0.002610716038824712,0.006436191319837495,0.00858168405459399,-0.0006041920170624465,-0.011495502323572743,-0.004604983464949078,0.0,0.0,0.0,-0.006031817684564162
2.932307488263952,9.717468288516676,-0.7493202706001532,0.09306527096960945,0.006115267769299456,-0.01873428438699597,-0.00850778110315852,28.65465954536539,-0.6472343971426681,0.43601814896197055,-0.005903788503956602,-0.02996154894805283,0.03807679132257882,9.746760074554013,0.009576818057432442,-0.07695484050102794,9.746760074554013,0.009576818057432442,-0.07695484050102794,9.717468288516676,-0.7493202706001532,0.09306527096960945,0.0,-0.0,0.0,positive_from_right,-0.014529727427095754,0.004408733086174705,-0.9220148067790152,0.9218333791744409,0.023628700681251714,0.002599878886185009,0.0063669311115077945,0.008470108451840621,-0.0006006574314084699,-0.011783920401661832,-0.004604983464949078,0.0,0.0,0.0,-0.005903788503956602
2.952307488263952,9.720493734727317,-0.7478581663691751,0.09241231636091983,0.0060377886143277775,-0.018626538686960074,-0.008711763527134707,28.849320274012463,-0.6548068735436298,0.4438189451045298,-0.005777132370482646,-0.03033616147269343,0.03790669255773847,9.749657959133401,0.00950667063730925,-0.07678151334466203,9.749657959133401,0.00950667063730925,-0.07678151334466203,9.720493734727317,-0.7478581663691751,0.09241231636091983,0.0,-0.0,0.0,positive_from_right,-0.0145866458033531,0.004392784018145252,-0.921616173366764,0.9214358589777016,0.023615522194198203,0.002588957307588618,0.006298881372256686,0.008360308293386534,-0.0005970253894109331,-0.012062864985549935,-0.004604983464949078,0.0,0.0,0.0,-0.005777132370482646
2.972307488263952,9.723580822134302,-0.7463348394361529,0.09174454427948882,0.005961554254770265,-0.018515824414365663,-0.008909224935495098,29.044037174185267,-0.6623811280700656,0.45167890152523016,-0.00565182538633816,-0.03070859090720748,0.03773251616185141,9.752612817011615,0.009434983223611812,-0.07660154705735348,9.752612817011615,0.009434983223611812,-0.07660154705735348,9.723580822134302,-0.7463348394361529,0.09174454427948882,0.0,-0.0,0.0,positive_from_right,-0.014644653390335667,0.004376573162068129,-0.9212089418651311,0.9210297696530015,0.023601957624869902,0.0025779540440671687,0.006232011067636205,0.008252248289711092,-0.0005932969182777698,-0.012332545020077832,-0.004604983464949078,0.0,0.0,0.0,-0.00565182538633816
2.992307488263952,9.726728711928804,-0.7447518159588107,0.09106213132019556,0.00588653909352392,-0.018402168465781733,-0.009100309910782936,29.238811406834905,-0.6699567026578004,0.4595973969490241,-0.005527844267060412,-0.031078776645553488,0.03755439177109276,9.755623968490928,0.009361777601257164,-0.07641511332742282,9.755623968490928,0.009361777601257164,-0.07641511332742282,9.726728711928804,-0.7447518159588107,0.09106213132019556,0.0,-0.0,0.0,positive_from_right,-0.014703729157530761,0.004360108050534087,-0.9207932356312467,0.920615234408915,0.02358801223196259,0.0025668717876634536,0.006166289895453317,0.008145893898662195,-0.0005894730735963728,-0.012593165151954256,-0.004604983464949078,0.0,0.0,0.0,-0.005527844267060412
3.0,9.727955482944596,-0.7441273656739705,0.09079579702362031,0.005858005674984207,-0.018357676002140427,-0.009172138194164558,29.31374207031278,-0.6728707183027884,0.4626585078772513,-0.005480506188380989,-0.031220549381366487,0.03748485622312772,9.756796979093798,0.009333221229260754,-0.07634171972254372,9.756796979093798,0.009333221229260754,-0.07634171972254372,9.727955482944596,-0.7441273656739705,0.09079579702362031,0.0,-0.0,0.0,positive_from_right,-0.014726731166009794,0.004353709016768438,-0.9206311140519712,0.9204535708621893,0.02358254819403424,0.0025625887951471003,0.006141311558419021,0.008105434271281922,-0.0005879771571511894,-0.012691036401243451,-0.004604983464949078,0.0,0.0,0.0,-0.005480506188380989
