Name, Theo_Area, Wet_Area, Theo_Vol, Wet_Vol
FuselageGeom,12.515068,12.098841,1.972709,1.926156
WingGeom,18.637984,17.838773,1.149638,1.111335
WingGeom,18.638321,17.839109,1.149776,1.111469
HTailGeom,4.428207,4.399816,0.096787,0.096787
VTailGeom,3.059199,2.969320,0.104880,0.102815
Totals,57.278780,55.145859,4.473789,4.348570

Tag_Name, Tag_Theo_Area, Tag_Wet_Area
FuselageGeom_S_Surf0,12.515068,12.098841
WingGeom_S_Surf0,16.863440,16.064228
WingGeom_S_Surf1,16.863776,16.064565
HTailGeom_S_Surf0,1.466130,1.452719
HTailGeom_S_Surf1,1.466130,1.452719
VTailGeom_S_Surf0,2.055518,1.965639
WingGeom_S_Surf0,AILERON,1.774545,1.774545
WingGeom_S_Surf1,AILERON,1.774545,1.774545
HTailGeom_S_Surf0,ELEVATOR,0.747974,0.747189
HTailGeom_S_Surf1,ELEVATOR,0.747974,0.747189
VTailGeom_S_Surf0,RUDDER,1.003681,1.003681
