time,u,v,w,p,q,r,x_e,y_e,z_e,phi,theta,psi,V,alpha,beta,CX,CY,CZ,CL,CD,CS,phi_dot,phat,qhat,rhat,delta_e,delta_a,delta_r,thrust
0.0,10.0,0.0,0.0,0.0,0.0,0.0,0.0,0.0,0.0,0.0,0.0,0.0,10.0,0.0,0.0,-0.02156287071498454,-0.007872630656362385,-0.8682893999739778,0.8682893999739778,0.02156287071498454,-0.007872630656362385,0.0,0.0,0.0,0.0,-0.004577831607880404,0.0,-0.17453292519943295,0.0
0.0009986834803126145,9.999762678161131,-8.680739875608308e-05,0.00023290646596924006,-1.1949147112723073e-05,-1.5813663673226227e-07,3.558273792097043e-05,0.009986716282485812,-4.326642152185954e-08,1.1639072895640839e-07,-6.026654380474877e-09,-5.269237381780385e-11,1.776593543826437e-08,9.999762681250251,2.3291199343738207e-05,-8.680945890839882e-06,-0.02154649693423972,-0.007863639867980375,-0.868429431518416,0.8684289294391081,0.02156665542675426,-0.007863827087245484,-1.1949147114598012e-05,-1.613173143840977e-05,-4.941887178131847e-09,4.8037836221233345e-05,-0.004577831607880404,0.0,-0.17453292519943295,0.0
0.007539877261128509,9.998212955479291,-0.000661775709030052,0.0017317198507395052,-7.362277189755794e-05,-8.793960179460818e-06,0.0002691137682950722,0.07539202879311169,-2.4600311992164673e-06,6.567400169439649e-06,-3.0091370615482784e-07,-2.225979820739571e-08,1.0139305540008646e-06,9.998213127350041,0.00017320293547795523,-6.61893981538541e-05,-0.021440896083541147,-0.007810050088576938,-0.8693292009034556,0.8693254742377182,0.02159094914086499,-0.007811479197616287,-7.362277788797617e-05,-9.940850509559607e-05,-2.7486036965586013e-07,0.0003633685165247509,-0.004577831607880404,0.0,-0.17453292519943295,0.0
0.014044438994224287,9.99667983456177,-0.0012450039766816166,0.0031771182100368955,-0.00011018709035244081,-2.9771236470433346e-05,0.0005017543474015309,0.14042103182886798,-8.515792716929256e-06,2.2560902044654915e-05,-9.107905343030502e-07,-1.4123953347170866e-07,3.520920210776389e-06,9.996680416960869,0.0003178173309183381,-0.00012454174065500278,-0.02133873724151105,-0.0077646833872429995,-0.87019463140301,0.8701878056343624,0.021614331899481348,-0.007767375333992399,-0.0001101871612199946,-0.00014880196802471952,-9.306600800427327e-07,0.0006775933017152471,-0.004577831607880404,0.0,-0.17453292519943295,0.0
0.020819369109911036,9.995091168061254,-0.0018652268036171715,0.00463618438210244,-0.00012685932895404844,-6.376902736094443e-05,0.0007440074757409996,0.2081424529453103,-1.8671997320744786e-05,4.907332866693509e-05,-1.7248892451737233e-06,-4.5137464513870637e-07,7.741054011983257e-06,9.995092417338258,0.00046384609921522844,-0.00018661426393693534,-0.021235366406358768,-0.007724303188144091,-0.8710659450451746,0.8710560013973422,0.021637962806269857,-0.007728341275192133,-0.00012685966478020845,-0.00017134418266196761,-1.9937605595048626e-06,0.0010049032568303445,-0.004577831607880404,0.0,-0.17453292519943295,0.0
0.02786636867717765,9.993447321643787,-0.0025246490781505623,0.006105057275084149,-0.00012540855467089393,-0.00011124456939217982,0.000995477619472299,0.2785720590339832,-3.3380319634887835e-05,8.700019360432355e-05,-2.6238460549688996e-06,-1.0610733810806526e-06,1.3870555684671677e-05,9.993449505353329,0.0006109059585855116,-0.0002526303959061273,-0.021131119022029143,-0.007688356825257984,-0.8719407424694462,0.8719276706369344,0.021661845836950924,-0.007693829511407862,-0.00012540961094600713,-0.00016941252238780483,-3.478671495406438e-06,0.0013447756808774598,-0.004577831607880404,0.0,-0.17453292519943295,0.0
0.035205802223572086,9.991744342032682,-0.0032273287801576132,0.0075836357215747635,-0.00010754480399973513,-0.00017271072301450253,0.0012564214979392848,0.35191204679958504,-5.316966263263829e-05,0.00013737836030259279,-3.4878300336581737e-06,-2.095919970537951e-06,2.213510225057129e-05,9.991747741197429,0.0007589900227378507,-0.0003229994311173411,-0.021026061551798612,-0.007656214902061959,-0.8728188769152708,0.8728026669453037,0.021686042166851795,-0.007663219880969864,-0.00010754743735990661,-0.00014530539517227956,-5.401667690177687e-06,0.001697569900833748,-0.004577831607880404,0.0,-0.17453292519943295,0.0
0.04286162066011115,9.989977543349648,-0.003977889591817046,0.009072069096916541,-7.479257188222075e-05,-0.0002487125332494744,0.0015272023016565308,0.4284002585885526,-7.865140504997745e-05,0.00020138750501705725,-4.193982240773278e-06,-3.7016808665180973e-06,3.279159093610695e-05,9.989982454572859,0.0009081168164503054,-0.0003981878561873039,-0.020920239173467765,-0.007627290239464624,-0.8737003482643975,0.8736809899861151,0.021710613601344648,-0.007635935747275031,-7.479822510162127e-05,-0.00010107122059536708,-7.78006037486919e-06,0.002063790518763698,-0.004577831607880404,0.0,-0.17453292519943295,0.0
0.05085840769274109,9.988142207723673,-0.0047812768926704064,0.010570109536086926,-2.8506578841455475e-05,-0.000339797578426266,0.0018081774986827628,0.5082806371983585,-0.0001105232562867319,0.0002803472278992332,-4.614313673199444e-06,-6.0471681854386584e-06,4.612912809734973e-05,9.988148945101663,0.0010582654281794703,-0.0004786950116136673,-0.020813721985280784,-0.007601048497219952,-0.8745849190592322,0.8745624028859095,0.02173561206683882,-0.00761145409797155,-2.8517513204380703e-05,-3.852954300890553e-05,-1.0631273506417191e-05,0.002443935945127102,-0.004577831607880404,0.0,-0.17453292519943295,0.0
0.05922420052564958,9.986232950051686,-0.005643074906536372,0.012077614844146935,3.0128733778149828e-05,-0.00044653485466393604,0.0020997907038115184,0.5918313734239768,-0.000149591491626751,0.0003757583166985248,-4.614009810722614e-06,-9.3285414726897e-06,6.247751584615672e-05,9.986241847951247,0.001209425918248477,-0.0005650849731843331,-0.02070656939934632,-0.007576994296574848,-0.8754724138469797,0.8754467305098658,0.02176108790491638,-0.0075892923714059035,3.0109145774265247e-05,4.072982731621586e-05,-1.3973439078196183e-05,0.0028386228706518994,-0.004577831607880404,0.0,-0.17453292519943295,0.0
0.06799116646961147,9.984243590752216,-0.0065696399539859045,0.01359457369399228,0.00010010159604644187,-0.0005695216668793257,0.002402584487999074,0.6793716111928254,-0.0001967938654925658,0.000489341499800883,-4.048886122395589e-06,-1.3774516017865809e-05,8.221579466248464e-05,9.984255007364332,0.0013616019249889553,-0.0006580000634208448,-0.02059882845293573,-0.007554669177101981,-0.8763627334777343,0.8763338737114122,0.021787090484392386,-0.007569006721541948,0.00010006850157616278,0.00013535026355298424,-1.7825618513200583e-05,0.003248603983378199,-0.004577831607880404,0.0,-0.17453292519943295,0.0
0.07721861293204095,9.982162012404178,-0.007570704441323986,0.015124732633956596,0.0001807760216210535,-0.000709741083018861,0.0027179694142581857,0.7714910745462922,-0.0002533731530958833,0.0006234263435394928,-2.75812157575053e-06,-1.9668684566826737e-05,0.0001058433155910442,9.98217634160948,0.0015151748730319137,-0.0007584223027147112,-0.02049027681702739,-0.007533600711387768,-0.8772579732122027,0.8772259198870564,0.02181373210072388,-0.007550146902171083,0.000180722562699473,0.0002444833880274581,-2.2219011250970653e-05,0.0036758103480437378,-0.004577831607880404,0.0,-0.17453292519943295,0.0
0.08695442986683372,9.979978971108114,-0.008655447562282223,0.016668689621297885,0.0002715715502530362,-0.0008680206094657189,0.0030468672317312028,0.8686649439430927,-0.000320713786576209,0.0007805228255503051,-5.607678583473829e-07,-2.7341083348866662e-05,0.00013390930349635935,9.979996644575907,0.0016702113471239444,-0.0008672797151744311,-0.020380913893675127,-0.007513398156843096,-0.8781583667534082,0.8781231014779697,0.02184107041952848,-0.007532343304617608,0.0002714882455887713,0.0003673564289631865,-2.71800131922353e-05,0.004121515176132521,-0.004577831607880404,0.0,-0.17453292519943295,0.0
0.09725527577058876,9.977683547725812,-0.009834710252628899,0.018227353248162294,0.0003720918113494301,-0.0010452745523479464,0.003390390283279882,0.9714553419386207,-0.00040048000842373327,0.0009636172816166346,2.7500710185104147e-06,-3.7187502393449604e-05,0.00016706787994615242,9.977705043570417,0.001826810089200641,-0.0009856687286461975,-0.02027071507563842,-0.007493691752778809,-0.879064324120582,0.8790258265726115,0.02186916701129951,-0.007515251154026938,0.00037196573130949666,0.0005034463768253259,-3.2737818584768026e-05,0.004587254145558506,-0.004577831607880404,0.0,-0.17453292519943295,0.0
0.10818673231788584,9.975263191515735,-0.011121190097316505,0.019801731103625046,0.00048211592925269674,-0.0012424900425853404,0.003749815397432234,1.080512723035781,-0.0004946751910826878,0.0011762633786909092,7.414750012645582e-06,-4.9684299384734804e-05,0.00020609908818519844,9.975289044906548,0.0019850809661423087,-0.001114874200746331,-0.02015964684485127,-0.007474131106913571,-0.8799763080446946,0.8799345557465557,0.02189808386891281,-0.007498549370747146,0.0004819296227594342,0.0006524688172554483,-3.892399874930706e-05,0.005074791079982125,-0.004577831607880404,0.0,-0.17453292519943295,0.0
0.11982516045066863,9.972703400501386,-0.012529863059830433,0.021392962490756354,0.0006016026850178918,-0.0014607304619479763,0.004126607986155225,1.196594208498007,-0.0006057272354985563,0.0014227204835036997,1.37167513215549e-05,-6.540809269634553e-05,0.00025193941808159226,9.972734217389148,0.0021451484935645563,-0.001256412342217197,-0.020047664383886155,-0.007454379536041534,-0.8808948545401667,0.8808498225666586,0.02192788399180239,-0.007481935898265526,0.0006013327727704001,0.0008143841067758623,-4.5772629592674356e-05,0.005586151861538345,-0.004577831607880404,0.0,-0.17453292519943295,0.0
0.13225963529182808,9.969987412607534,-0.014078470092505627,0.0230023135952758,0.0007306936880113375,-0.001701130245030886,0.004522438231239269,1.3205826523965138,-0.0007365956759530379,0.0017081246051694997,2.199491863843063e-05,-8.506044962840493e-05,0.00030571945571919955,9.970023887499144,0.002307151637202228,-0.0014120803450466699,-0.019934711636694295,-0.0074341083874246835,-0.8818205728494415,0.8817722335458695,0.021958631096677363,-0.007465123171113758,0.0007303090105637774,0.0009894023223476357,-5.3320153248449024e-05,0.00612364792809383,-0.004577831607880404,0.0,-0.17453292519943295,0.0
0.1455937985749015,9.967095948668332,-0.01578805548534401,0.0246311242597574,0.000869712902134088,-0.0019648733936715353,0.004939182323545044,1.4535048191395217,-0.0008909031500180053,0.002038694177533327,3.2658636026533285e-05,-0.0001094981349701586,0.0003688090540583918,9.96713888761158,0.002471238788676012,-0.0015840114465797857,-0.01982072443040486,-0.007412991444351714,-0.8827541196733367,0.8827024424824921,0.021990388047530545,-0.0074478337998163165,0.000869172077906014,0.0011779834023787452,-6.160473355955139e-05,0.006689879826068758,-0.004577831607880404,0.0,-0.17453292519943295,0.0
0.15994682524427384,9.96400718590636,-0.017683452972604825,0.02628063778468146,0.0010191535299579084,-0.0022531349465696993,0.005378882775516999,1.5965406567743194,-0.0010730848784992844,0.002421954693960854,4.6205565478658496e-05,-0.00013976766978062707,0.00044286657017287884,9.964057535824699,0.002637550972451403,-0.001774725024600402,-0.01970564121984714,-0.0073907006032678906,-0.8836961101167238,0.8836410617522285,0.022023212351357027,-0.007429797429456149,0.0010184017505931035,0.0013808202737654106,-7.066445253567618e-05,0.007287685484392311,-0.004577831607880404,0.0,-0.17453292519943295,0.0
0.17545157504385442,9.96069737080942,-0.01979343248942881,0.027951578461764406,0.0011796324303971822,-0.002566942719953985,0.0058436127012138055,1.7510044553412363,-0.0012885262245017203,0.002866921980621498,6.323924954034907e-05,-0.0001771378683112138,0.0005298791974402876,9.960756255604187,0.002806179532576441,-0.00198714284417986,-0.019589430476877286,-0.007366905755393059,-0.8846468912442736,0.8845884367203706,0.022057145426374433,-0.007410751056791597,0.0011785973340463578,0.0015987779844931062,-8.053300165178706e-05,0.007919958027484254,-0.004577831607880404,0.0,-0.17453292519943295,0.0
0.1922458140037328,9.957142912784487,-0.022149835660415222,0.02964323860043423,0.001351772562917763,-0.002906879522616314,0.006335137953778006,1.9182569723340281,-0.0015436016264898814,0.0033840817817457746,8.44780650004209e-05,-0.00022311154079113942,0.0006321593536815663,9.957211674079689,0.002977073974364282,-0.002224503671630746,-0.019472150616982233,-0.007341285259576977,-0.8856060480017609,0.8855441535077904,0.022092189745253794,-0.007390447661748056,0.0013503591752983186,0.0018327349258723561,-9.123034445298749e-05,0.008589187934875132,-0.004577831607880404,0.0,-0.17453292519943295,0.0
0.2104497901303959,9.953325271173423,-0.024784477513919212,0.03135181193330329,0.0015359544855870178,-0.003272517730762403,0.006854227296472442,2.099481868393208,-0.0018454277049033282,0.003984833671959583,0.00011073601635516929,-0.0002793745152303245,0.0007522247310864662,9.953405505665717,0.003149872770288465,-0.0024900525867203364,-0.01935405982718957,-0.007313557685439355,-0.8865714996499242,0.8865061387807801,0.022128266839811287,-0.0073686810208155925,0.001534039690362006,0.0020832453318235314,-0.00010274491381679641,0.009296523531539681,-0.004577831607880404,0.0,-0.17453292519943295,0.0
0.23012634965780315,9.949239209869287,-0.027722738071444403,0.03306824078650616,0.0017319194353661688,-0.00366159054558658,0.007399594356775015,2.2952889480883796,-0.002201091757707546,0.0046800194743199155,0.00014284780870364779,-0.00034762450975224914,0.0008924756622703719,9.949332787376012,0.0033236831803946393,-0.002786395282693654,-0.019235756938213944,-0.007283541687282151,-0.8875383422430148,0.887469506543149,0.02216516059560553,-0.007345331020839029,0.001729347336753231,0.002349998022692499,-0.00011500741506482309,0.010040323904253322,-0.004577831607880404,0.0,-0.17453292519943295,0.0
0.25012634965780317,9.945128387652343,-0.03080163609468537,0.03469040767535025,0.001927621525521377,-0.004048139951377628,0.00793755630429709,2.494232750855808,-0.002593662269099165,0.005434406262112694,0.0001793899453469932,-0.0004247631511193333,0.001045861948835471,9.945236589043988,0.003488166831714006,-0.00309712947113843,-0.01912420611847921,-0.007252928557914766,-0.8884496393143678,0.8883775260135262,0.022200574245182226,-0.007321721616483247,0.001924250252406006,0.002616618555179099,-0.00012720096937654797,0.010774706981436573,-0.004577831607880404,0.0,-0.17453292519943295,0.0
0.2701263496578032,9.941059912129946,-0.03396954901125446,0.036204297460519196,0.002119742478877035,-0.0044239468244078066,0.008459391288067787,2.693094815147527,-0.0030172579450926085,0.006236165504064933,0.00021979300097421686,-0.0005095357661369863,0.0012098410911339924,9.941183876076916,0.00364187900664306,-0.0034170593302776174,-0.019020266426087853,-0.007222185791249929,-0.8892983580789182,0.8892231912217985,0.02223404161260472,-0.007298203290684883,0.0021154326116355426,0.0028785830562599846,-0.0001390662721725059,0.011487744700481538,-0.004577831607880404,0.0,-0.17453292519943295,0.0
0.2901263496578032,9.937033575353565,-0.03722247027682325,0.03762350773111493,0.0023082727017982364,-0.004787851959957575,0.00896547583826303,2.8918759957377045,-0.003471574723148333,0.007084745022345676,0.0002639823341318148,-0.0006017164195016695,0.0013840934380700675,9.937174513830959,0.0037861729727140182,-0.003745788832579628,-0.018922910024639982,-0.007191306434729467,-0.8900928679947328,0.8900148429753195,0.022265718455550688,-0.0072747599550121635,0.0023028787878290875,0.0031358693993855206,-0.0001505663139360455,0.01217991327897996,-0.004577831607880404,0.0,-0.17453292519943295,0.0
0.3101263496578032,9.933049335632674,-0.04055648791447223,0.038960073050026085,0.0024932349789392135,-0.005139177596007823,0.009456181974860454,3.0905771460688922,-0.003956294330350781,0.007979799411045782,0.00031188336001412755,-0.0007010610590994145,0.0015683067843849428,9.933208536022827,0.003922247030680066,-0.004082930550509502,-0.01883123404436316,-0.0071602932912811345,-0.8908405087951993,0.8907597958866582,0.022295755793367292,-0.007251385502215834,0.0024866067409028635,0.00338849950583601,-0.0001616791787797773,0.012851683944584687,-0.004577831607880404,0.0,-0.17453292519943295,0.0
0.33012634965780324,9.929107288755269,-0.043967784655587955,0.040224593062532704,0.002674669467776617,-0.005477624522732734,0.00993187577312581,3.289199121269655,-0.004471084538990729,0.008921157451798233,0.00036342205614355483,-0.0008073160766478106,0.0017621762725444088,9.9292861140964,0.0040511570515712305,-0.004428105690407688,-0.018744449779913797,-0.0071291542376480145,-0.8915476868737651,0.8914644343976688,0.022324298058125153,-0.007228079130261579,0.0026666529106972392,0.003636519020609398,-0.00017239483722035492,0.01350352093760773,-0.004577831607880404,0.0,-0.17453292519943295,0.0
0.35012634965780326,9.925207643090374,-0.047452637064868027,0.04142635906702181,0.002852625478660677,-0.005803186296210204,0.010392916644344326,3.487742780623309,-0.0050155994434575996,0.00990879359525062,0.00041852524050154207,-0.0009202249863012491,0.001965404272689303,9.925407530900157,0.004173828900679786,-0.004780944025905885,-0.018661871989582038,-0.007097899686490966,-0.8922199674965094,0.8921343046592157,0.022351481739892348,-0.007204842804413634,0.0028430638902465807,0.0038799861710490935,-0.0001827124691776982,0.014135880492750294,-0.004577831607880404,0.0,-0.17453292519943295,0.0
0.3701263496578033,9.921350698165865,-0.051007414136548676,0.04257347682401945,0.0030271569671296785,-0.006116078191259037,0.010839657005456102,3.6862089895637555,-0.005589479745401552,0.010942803109166937,0.0004771207239507727,-0.0010395335391688585,0.0021777002513879537,9.921573158185252,0.0042910705218491725,-0.005141083779554788,-0.018582908544699406,-0.007066541218985279,-0.8928621619613226,0.8927742013843107,0.0223774344742472,-0.007181679885961918,0.003015891810814829,0.004118965652391111,-0.0001926382443888605,0.014749210356114883,-0.004577831607880404,0.0,-0.17453292519943295,0.0
0.3901263496578033,9.917536826334889,-0.05462857562588444,0.04367298399477269,0.0031983200578171696,-0.006416678790465746,0.011272442159741974,3.8845986212661767,-0.00619235304009489,0.012023380515397242,0.0005391373927323795,-0.001164993547042622,0.0023987806350840237,9.917783437468001,0.0044035835171142915,-0.0055081714789770395,-0.018507050591053554,-0.007035090855531391,-0.8934784091408938,0.8933882491107166,0.022402274505561082,-0.0071585943964931386,0.003185191761672701,0.004353525266282171,-0.0002021834954013146,0.015343949594786426,-0.004577831607880404,0.0,-0.17453292519943295,0.0
0.4101263496578033,9.913766457169858,-0.05831267025837133,0.044730961100564286,0.0033661716807942147,-0.006705482352208094,0.01169161029174042,4.082912557892579,-0.006823834100218787,0.013150800961984593,0.0006045052516472063,-0.001296365649065918,0.0026283686714966906,9.914038863838483,0.004511974106958804,-0.005881861801670041,-0.01843386332281422,-0.00700356067343444,-0.894072251098974,0.8939799775612509,0.02242611045812511,-0.007135590627470411,0.00335102032792837,0.004583734067906136,-0.00021136322580984064,0.015920528566234105,-0.004577831607880404,0.0,-0.17453292519943295,0.0
0.43012634965780333,9.910040064251417,-0.06205633389308765,0.045752635295906584,0.0035307688176566395,-0.006983060326935632,0.012097492523762578,4.281151691544923,-0.0074835251551248145,0.014325404202159752,0.0006731554447686804,-0.0014334212202293383,0.0028661942907949583,9.910339972336015,0.004616763396908361,-0.006261817415952189,-0.018362977425411847,-0.006971962612415521,-0.8946467026665449,0.8945523909871301,0.022449041351944265,-0.007112672936649427,0.0035134347452795505,0.004809661340722824,-0.00022019490332913437,0.016479368974896907,-0.004577831607880404,0.0,-0.17453292519943295,0.0
0.45012634965780335,9.906358154048991,-0.06585628768064371,0.04674247656793688,0.0036921680824401754,-0.007250030597168151,0.01249041300543664,4.479316924971959,-0.008171016164630156,0.015547580878027841,0.0007450202630108066,-0.00157594359006363,0.0031119939675849887,9.90668732655047,0.004718396908373582,-0.006647708821950322,-0.018294081211820006,-0.006940308381059026,-0.8952043150160339,0.8951080315311698,0.022471156807356313,-0.007089845644930222,0.00367249239763305,0.0050313760261068265,-0.00022869749361555214,0.017020883976168518,-0.004577831607880404,0.0,-0.17453292519943295,0.0
0.47012634965780337,9.902721256618479,-0.06970933623682868,0.04770428622411122,0.0038504254870122493,-0.007507033202758461,0.012870689020794496,4.677409172069836,-0.0088858850869629,0.01681776083270072,0.0008200331437587128,-0.0017237287133041658,0.003365510584319758,9.903081509144828,0.004817253356921129,-0.007039214194587038,-0.018226913453464718,-0.006908609416832078,-0.895747233385591,0.8956490367615085,0.022492537390669268,-0.007067112986650605,0.0038282505075845,0.005248946403870821,-0.00023689069646611453,0.017545478305947024,-0.004577831607880404,0.0,-0.17453292519943295,0.0
0.4901263496578034,9.899129917870589,-0.07361236584261036,0.04864127772228756,0.004005596308700466,-0.007754711479698424,0.013238631104507105,4.875429358211158,-0.009627698140779163,0.018136403199964644,0.0008981286655144082,-0.0018765854112321918,0.0036264932965016814,9.899523114028472,0.004913652680638683,-0.007436019229490286,-0.018161256890296035,-0.006876876873938854,-0.8962772491885265,0.8961771916096024,0.02251325506081039,-0.007044479087858894,0.003980765937483987,0.005462439911961679,-0.00024479435115128595,0.018053548423719746,-0.004577831607880404,0.0,-0.17453292519943295,0.0
0.5101263496578033,9.89558469318982,-0.07756234267558215,0.04955615004154953,0.004157735015148184,-0.007993697689234816,0.013594543162708793,5.073378420432325,-0.010396010061337736,0.019503988044921174,0.0009792425392717435,-0.0020343352824789404,0.0038946973999131372,9.89601273994233,0.005007863335968492,-0.0078378169922022,-0.01809693239283722,-0.0068451216250971945,-0.8967958468010775,0.8966939750043101,0.022533373684108793,-0.007021947958853705,0.00413009505577716,0.0056719230441115605,-0.0002524279822117971,0.018545482662509005,-0.004577831607880404,0.0,-0.17453292519943295,0.0
0.5301263496578034,9.89208614220888,-0.08155631107502623,0.05045115389725711,0.004306895221728078,-0.008224602345591914,0.013938722595914015,5.271257307504676,-0.011190364351001928,0.020921009352138167,0.0010633115976502621,-0.0021968123649573905,0.004169884200029635,9.892550985245752,0.005100108889170102,-0.008244307770784576,-0.018033793741117025,-0.006813354269783007,-0.8973042453596314,0.8972006015318672,0.022552949590628233,-0.006999523493677269,0.004276293643473102,0.005877461291839342,-0.0002598104611066227,0.01902166138193167,-0.004577831607880404,0.0,-0.17453292519943295,0.0
0.5501263496578034,9.88863482456633,-0.08559139184125367,0.05132815117715077,0.004453129667950069,-0.008448006566534097,0.014271460422635324,5.469066979911196,-0.012010293524276983,0.022387969179524535,0.00115027378243566,-0.002363862615937421,0.004451820883720187,9.8891384437213,0.005190573939165384,-0.008655198931781403,-0.017971722980409492,-0.006781585145008405,-0.8978034359204801,0.8976980584735246,0.022572032150899844,-0.006977209472721519,0.004419416826584773,0.006079119112291818,-0.0002669597626796362,0.01948245712222801,-0.004577831607880404,0.0,-0.17453292519943295,0.0
0.5701263496578034,9.885231296496253,-0.08966478056913127,0.052188668023101424,0.00459649020535875,-0.008664456872719424,0.014593041402900572,5.666808409747229,-0.012855319347604432,0.023905372816295945,0.0012400681309575122,-0.0025353432648053276,0.004740280393305795,9.885775701237284,0.005279409412537596,-0.00907020477943784,-0.01791062631096751,-0.006749824336611981,-0.8982942143445664,0.8981871385820492,0.02259066435652116,-0.006955009566480704,0.00455951902638725,0.006276959911661433,-0.00027389279855762224,0.01992823475799687,-0.004577831607880404,0.0,-0.17453292519943295,0.0
0.5901263496578034,9.881876108117993,-0.09377374601535039,0.05303394201052003,0.004737027792718646,-0.008874461950639997,0.014903744161180751,5.864482580560709,-0.013724953074133213,0.025473724801983698,0.0013326347616079198,-0.0027111220824772428,0.005035041303022527,9.882463333129051,0.005366737274422241,-0.00948904641805319,-0.01785043046789862,-0.0067180816900727245,-0.8987772102693642,0.8986684689580129,0.022608883391960103,-0.006932927339487275,0.004696653922621285,0.006471046038422639,-0.0002806253123427384,0.020359351650863618,-0.004577831607880404,0.0,-0.17453292519943295,0.0
0.6101263496578034,9.878569801311253,-0.09791562849884398,0.05386496388889982,0.004874792496086162,-0.009078490971207625,0.015203841308407358,6.062090487144954,-0.01461869567367795,0.02709352568045391,0.0014279148587271289,-0.0028910766025235413,0.0053358876979168425,9.879201902179027,0.005452654700378355,-0.009911451617343381,-0.017791079547564842,-0.006686366820411667,-0.8992529125223601,0.8991425363791793,0.022626721188116074,-0.006910966253996922,0.004830874426577407,0.006661438783091146,-0.0002871718238572113,0.02077615780058382,-0.004577831607880404,0.0,-0.17453292519943295,0.0
0.6301263496578035,9.875312908077438,-0.10208783833371057,0.05468251434611011,0.005009833492349786,-0.009276973122943016,0.015493599562849271,6.259633135294846,-0.015536038058061245,0.028765269378380056,0.0015258506570319367,-0.003075093321588482,0.005642609055185572,9.875991957092296,0.005537237754429167,-0.010337154680695458,-0.01773253223805036,-0.006654689121035791,-0.8997216913175554,0.8996097094233051,0.022644204950830065,-0.006889129673261372,0.004962232662005165,0.006848198382558692,-0.000293545611773993,0.021178995994246174,-0.004577831607880404,0.0,-0.17453292519943295,0.0
0.6501263496578035,9.87210594930198,-0.1062878542940035,0.055487196248903525,0.005142199075358632,-0.00947029807640219,0.015773279869671246,6.457111541535386,-0.016476461302021576,0.03048944111160407,0.0016263854257278886,-0.003263066900460404,0.005955000127960256,9.872834031379316,0.00562054461761208,-0.010765896316207219,-0.01767475941306002,-0.0066230577715268414,-0.9001838175595046,0.9000702577078357,0.022661357659681473,-0.006867420864362482,0.005090779952370536,0.007031384027798047,-0.00029975872575893213,0.02156820195333644,-0.004577831607880404,0.0,-0.17453292519943295,0.0
0.6701263496578035,9.868949433844675,-0.11051322210976318,0.05627946279511286,0.005271936664057668,-0.009658817145977609,0.01604313751902857,6.654526732829985,-0.017439436859852678,0.032266515735402165,0.0017294634524204686,-0.003454899381988937,0.006272860831524911,9.869728642570509,0.005702618409827699,-0.011197423510416438,-0.017617742050874484,-0.006591481744448747,-0.9006394795599807,0.9005243685506175,0.02267819853413455,-0.006845843000643087,0.005216566813330591,0.007211053874146071,-0.0003058220207898121,0.02194410447848728,-0.004577831607880404,0.0,-0.17453292519943295,0.0
0.6901263496578035,9.865843857895943,-0.11476155299369505,0.05705964199120677,0.0053990928122165174,-0.009842844957510005,0.016303422262575248,6.851879746274515,-0.018424426777925187,0.034096956465925386,0.0018350300269202307,-0.0036504994378033116,0.006595996131947331,9.866676291698882,0.0057834896457277145,-0.011631489404634775,-0.017561469442526963,-0.006559969811277256,-0.9010887974513843,0.9009721613348425,0.022694743465466963,-0.0068243991637939845,0.005339642949515184,0.007387265053607317,-0.00031174520763488616,0.02230702559178303,-0.004577831607880404,0.0,-0.17453292519943295,0.0
0.7101263496578035,9.862789704546419,-0.11903052219792046,0.05782795784387128,0.005523713219437699,-0.010022661466119779,0.016554378428281474,7.04917162878196,-0.019430883903226972,0.03598121391010216,0.0019430314250202133,-0.0038497816523247407,0.006924215937096615,9.863677462996746,0.005863178362995605,-0.012067853173811049,-0.017505937656052524,-0.006528530547563562,-0.9015318355593223,0.901413699839819,0.02271100541398461,-0.006803092345661241,0.005460057254857759,0.007560073688759215,-0.0003175369145952237,0.022657280676521816,-0.004577831607880404,0.0,-0.17453292519943295,0.0
0.7301263496578035,9.859787443525608,-0.1233178676002485,0.05858454862737364,0.005645842743191791,-0.010198514199110624,0.01679624503347201,7.246403436761543,-0.020458252088045678,0.03791972535016579,0.002053414892310016,-0.00405266584976764,0.0072573349900135,9.860732623761411,0.005941695958782233,-0.012506279907856377,-0.017451148226395773,-0.006497172337440972,-0.9019686129749664,0.9018490027774162,0.0227269947718497,-0.0067819254498339724,0.005577857815831649,0.007729534907926062,-0.00032320475656568044,0.02299517861436322,-0.004577831607880404,0.0,-0.17453292519943295,0.0
0.7501263496578036,9.856837531072586,-0.12762138831943415,0.059329482560667224,0.005765525411668549,-0.010370620624429838,0.017029255896011987,7.443576235795399,-0.021505966390905278,0.03991291423679796,0.002166128628078994,-0.004259076467585837,0.007595172764595241,9.857842224352073,0.006019046767363746,-0.012946540495370537,-0.017397107043272245,-0.006465903377575522,-0.9023991125463691,0.9022780527526606,0.022742719692467443,-0.00676090129306491,0.005693091917040226,0.007895702861347149,-0.0003287554082706303,0.023321021919811884,-0.004577831607880404,0.0,-0.17453292519943295,0.0
0.7701263496578036,9.853940409907954,-0.1319389433589017,0.0600627712002949,0.005882804437263674,-0.010539170566630897,0.017253639743580435,7.640691100315157,-0.02257345327385816,0.04196118985175393,0.0022811217693507815,-0.00446894197805119,0.007937553363552941,9.855006698286708,0.006095229409371656,-0.013388411509714069,-0.017343823411909386,-0.006434731680651215,-0.9028232884871771,0.9027008038462944,0.022758186387825896,-0.00674002260656737,0.005805806048687113,0.00805863073810659,-0.0003341946792024736,0.023635106872005446,-0.004577831607880404,0.0,-0.17453292519943295,0.0
0.7901263496578036,9.851096509281653,-0.1362684502784227,0.060784380827746176,0.005997722230545415,-0.01070432861014635,0.017469620320984928,7.837749113280249,-0.023660130796225292,0.04406494710684634,0.0023983443750825928,-0.004682194358275656,0.008284305418596438,9.852226462413208,0.006170237940265906,-0.013831675097375068,-0.01729130926410689,-0.006403665078469756,-0.9032410727814245,0.9031171879974018,0.02277339939549653,-0.006719292037223837,0.005916045915520692,0.008218370783625945,-0.00033952758835096685,0.02393772364379146,-0.004577831607880404,0.0,-0.17453292519943295,0.0
0.8101263496578036,9.84830624507583,-0.14060788389324624,0.06149424208345569,0.006110320414565934,-0.010866236444449243,0.017677416495482805,8.034751365859286,-0.024765408804869406,0.04622456645139826,0.002517747410555223,-0.004898768607936928,0.00863526199279981,9.849501917133777,0.006244062823126026,-0.014276118868582807,-0.017239578499427484,-0.0063727112247342,-0.9036523805444561,0.9035271203456433,0.02278836181720572,-0.006698712148733887,0.006023856446907177,0.008374974317548502,-0.00034475843727522647,0.024229156428091144,-0.004577831607880404,0.0,-0.17453292519943295,0.0
0.8301263496578036,9.845570019945907,-0.14495527500018512,0.06219225807442071,0.006220639839400674,-0.011025015117806633,0.017877242360085612,8.231698957115475,-0.025888689121079465,0.04844041386481395,0.0026392827319733246,-0.0051186023131851105,0.008990260485099289,9.846833446665604,0.006316691748356718,-0.014721535790122942,-0.017188646438542968,-0.006341877597576071,-0.9040571144826482,0.9039305036753014,0.022803075531002293,-0.00667828542272278,0.006129281807740047,0.008528491751868358,-0.0003498908804516489,0.024509683561559657,-0.004577831607880404,0.0,-0.17453292519943295,0.0
0.8501263496578036,9.84288822348629,-0.14930870913016708,0.06287831115866822,0.006328720596815306,-0.011180767176201879,0.018069307334833508,8.428592993696718,-0.027029365724139377,0.050712840914833086,0.0027629030712901567,-0.00534163525464462,0.00934914253687468,9.8442214193242,0.006388110320563871,-0.015167724080310935,-0.017138529372807253,-0.006311171501876707,-0.9044551685784951,0.904327232087297,0.022817541379092476,-0.006658014259826747,0.006232365409941051,0.008678972609178865,-0.0003549279921421097,0.024779577645562385,-0.004577831607880404,0.0,-0.17453292519943295,0.0
0.8701263496578037,9.840261232410002,-0.15366632532676483,0.06355226858765638,0.00643460203497462,-0.011333578671967302,0.018253816266035425,8.625434589530823,-0.02818682493164921,0.05304218486540133,0.002888562021266547,-0.00556780905703996,0.009711753940565157,9.84166618781867,0.006458302630670164,-0.015614487106081702,-0.017089244196007256,-0.006280600071425529,-0.9048464311128538,0.9047171940106076,0.02283175933340662,-0.0066379009807666645,0.006333149924349868,0.00882646554093406,-0.0003598723292782989,0.02503910566449488,-0.004577831607880404,0.0,-0.17453292519943295,0.0
0.8901263496578037,9.837689410733843,-0.1580263149502226,0.06421398716720601,0.006538322773120979,-0.01148352103302473,0.018430969523478717,8.822224865526032,-0.029360445576663553,0.05542876882097138,0.003016214020770123,-0.005797066877731338,0.010077944550270588,9.839168089550531,0.00652725172931239,-0.016061633282154642,-0.0170408081059547,-0.006250170270950987,-0.9052307871226477,0.9051002746510618,0.022845728640915015,-0.0066179478274183785,0.006431677292836211,0.008971018345633873,-0.00036472599005920236,0.025288529101481088,-0.004577831607880404,0.0,-0.17453292519943295,0.0
0.9101263496578037,9.835173109962644,-0.1623869205065006,0.06486331707875644,0.006639920716161902,-0.011630652788638104,0.018600963095618966,9.018964949276933,-0.030549599181708527,0.05787290189650258,0.003145814340317864,-0.0060293531313164546,0.01044756819429002,9.836727446909686,0.006594940015699528,-0.01650897597223373,-0.016993238365132304,-0.006219888898053721,-0.9056081203801013,0.9054763579633046,0.022859447950633344,-0.00659815696388522,0.006527988740500097,0.009112677986859006,-0.00036949066811760143,0.025528104051489798,-0.004577831607880404,0.0,-0.17453292519943295,0.0
0.9301263496578037,9.832712669267831,-0.16674643450086357,0.0655001049855878,0.006739433069116916,-0.01177502115146424,0.01876398868276655,9.215655974775707,-0.03175365012973654,0.06037487940450752,0.00327731906786263,-0.0062646132474138486,0.010820482589549821,9.834344567562802,0.006661349554408261,-0.01695633339220307,-0.016946552111004716,-0.006189762585066099,-0.9059783149685451,0.9058453282207232,0.02287291542416115,-0.006578530477576117,0.006622124787853517,0.009251490611094794,-0.00037416770223503527,0.02575808133191392,-0.004577831607880404,0.0,-0.17453292519943295,0.0
0.9501263496578037,9.83030841565679,-0.17110319831554305,0.06612419653310901,0.00683689635138319,-0.011916663458637818,0.018920233788291562,9.41229908212857,-0.032971955832075926,0.06293498305224786,0.003410685094822429,-0.006502793458770096,0.011196549257874912,9.832019744730665,0.006726462331047755,-0.01740352851527848,-0.016900766207854967,-0.00615979780085774,-0.9063412565199417,0.906207071248267,0.022886128831485004,-0.006559070380291158,0.00671412526290027,0.009387501565295263,-0.0003787581216789278,0.025978706590660237,-0.004577831607880404,0.0,-0.17453292519943295,0.0
0.9701263496578038,9.827960664130671,-0.17545560111100822,0.06673543833830399,0.006932346410787686,-0.012055608476809978,0.019069881807872793,9.608895417277212,-0.03420386689343095,0.06555348114365328,0.0035458701023497177,-0.00674384061691123,0.011575633444057693,9.829753257452154,0.006790260456331483,-0.017850388979076093,-0.016855897133122286,-0.00613000085260261,-0.9066968331704431,0.9065614753742899,0.022899085633659066,-0.006539778609315234,0.006804029313050608,0.009520755414148735,-0.0003832626873057048,0.02619022041180018,-0.004577831607880404,0.0,-0.17453292519943295,0.0
0.9901263496578038,9.825669717829099,-0.1798020787503848,0.06733367955086496,0.007025818437400628,-0.012191877577617563,0.019213112116819923,9.805446131724986,-0.03544872727398654,0.06823062878176368,0.003682832547836941,-0.006987702032673944,0.011957604035680495,9.827545370833379,0.006852726326841761,-0.018296746994559004,-0.016811960892206664,-0.006100377887519969,-0.9070449362824581,0.9069084321497235,0.022911783053851897,-0.006520657028519505,0.006891875416823996,0.009651295957015287,-0.0003876819286240957,0.0263928584188336,-0.004577831607880404,0.0,-0.17453292519943295,0.0
1.0101263496578037,9.823435868160946,-0.1841411127465663,0.06791877305733778,0.007117346977091293,-0.01232548579111121,0.019350100155500632,10.001952382267582,-0.03670587444867097,0.07096666806851133,0.0038215316516537275,-0.007234325339093293,0.012342333484648638,9.825396336281207,0.00691384274965471,-0.01874243925682329,-0.016768972956578695,-0.006070934894598573,-0.9073854609747524,0.9072478368759741,0.02292421813812502,-0.006501707429469861,0.006977701395307145,0.009779166244513976,-0.00039201617704717246,0.026586851375618864,-0.004577831607880404,0.0,-0.17453292519943295,0.0
1.0301263496578037,9.821259394920922,-0.18847122923156848,0.06849057638965299,0.0072069659448122814,-0.012456442745316525,0.019481017512906533,10.198415330727897,-0.037974639563628905,0.07376182829949533,0.003961927384110608,-0.00748365837428145,0.012729697730392552,9.823306391720902,0.006973593036999199,-0.019187306857684855,-0.01672694822080203,-0.00604167770631123,-0.9077183064960112,0.9075795889768442,0.022936387807187042,-0.006482931532541101,0.007061544423345739,0.009904408594744165,-0.0003962655955831874,0.02677242528502315,-0.004577831607880404,0.0,-0.17453292519943295,0.0
1.0501263496578037,9.819140566392106,-0.19279099794768223,0.06904895239061834,0.0072947086376028755,-0.012584753500427813,0.019606032008393264,10.394836143694809,-0.03925434758995666,0.07661632615208269,0.004103980452643794,-0.007735649082099619,0.013119576124698645,9.821275761798107,0.007031961076243356,-0.019631195200028605,-0.016685900974748053,-0.006012612000324757,-0.9080433764719245,0.9079035922444445,0.022948288900249567,-0.0064643309880353045,0.007143441040457437,0.010027064609130686,-0.000400430205226584,0.026949801485346994,-0.004577831607880404,0.0,-0.17453292519943295,0.0
1.0701263496578037,9.817079639434882,-0.19709903125998804,0.06959376968120742,0.007380607747305793,-0.012710419286209258,0.019725307771631187,10.591215992265573,-0.04054431747475075,0.07953036586572207,0.004247652289215384,-0.007990245428596556,0.013511851358129993,9.81930465806561,0.007088931379727082,-0.020073953913881993,-0.016645844887869365,-0.005983743301208932,-0.9083605790511875,0.9082197549843959,0.02295991821199963,-0.0064459073773027575,0.007223427161461027,0.010147175187887162,-0.00040450990831390223,0.027119196744576832,-0.004577831607880404,0.0,-0.17453292519943295,0.0
1.0901263496578038,9.815076859562996,-0.20139398318979998,0.0701249029676909,0.007464695372994651,-0.012833438151062762,0.019839005320803828,10.787556051791563,-0.04184386228952038,0.08250413941379713,0.004392905037923312,-0.008247395332358007,0.013906409387999133,9.817393279155638,0.007144489118278545,-0.020515436774174837,-0.016606793002907783,-0.005955076982146586,-0.9086698269717369,0.9085279900815726,0.022971272523597434,-0.0064276622138637225,0.0073015380868222445,0.010264780545095468,-0.00040850450910651906,0.027280823352518944,-0.004577831607880404,0.0,-0.17453292519943295,0.0
1.1101263496578038,9.813132461007575,-0.20567454846861483,0.07064223322073811,0.0075470030331119915,-0.012953805530963161,0.019947281639091517,10.983857501627087,-0.04315228937601406,0.08553782666669495,0.004539701542815421,-0.008507046607078425,0.014303139367856496,9.815541810938548,0.0071986201416586884,-0.020955501620147907,-0.016568757736852777,-0.005926618266646093,-0.9089710375650294,0.9088282150041301,0.022982348628510115,-0.006409596944529366,0.007377808512721151,0.010379920223402301,-0.00041241373185479994,0.027434889210867362,-0.004577831607880404,0.0,-0.17453292519943295,0.0
1.1301263496578038,9.81124666677009,-0.20993946161214838,0.07114564775346564,0.007627561677319692,-0.013071514746100087,0.020050290249477788,11.18012152488102,-0.04446890048950976,0.08863159554603614,0.004688005335902162,-0.008769146914827095,0.014701933578459184,9.813750426668872,0.007251310988660277,-0.021394010276373023,-0.016531750887345584,-0.005898372230256637,-0.9092641327131306,0.9091203517605326,0.022993143353900902,-0.006391712950520246,0.007452272540849169,0.010492633108336357,-0.0004162372365875232,0.027581597921257507,-0.004577831607880404,0.0,-0.17453292519943295,0.0
1.1501263496578038,9.809419688665319,-0.21418749601404788,0.07163504022096126,0.007706401698065175,-0.013186557432633186,0.02014818128791593,11.376349308171044,-0.045792991939618014,0.09178560217021996,0.004837780625362613,-0.00903364372863357,0.015102687360185937,9.812019287119803,0.00730254888914069,-0.021830828475347706,-0.016495783643048507,-0.005870343802286038,-0.9095490387707825,0.909404326821707,0.023003653578209268,-0.006374011548580805,0.007524963687946134,0.010602957442251265,-0.00041997463285740037,0.02772114887135606,-0.004577831607880404,0.0,-0.17453292519943295,0.0
1.1701263496578038,9.807651727355331,-0.21841746305887677,0.07211031055996857,0.007783552941868094,-0.013298923916489815,0.020241101574892725,11.572542041380252,-0.047123854728646226,0.09499999099159152,0.004988992283938742,-0.009300484303160956,0.015505299046865215,9.81034854070711,0.007352321759880804,-0.02226582578162808,-0.01646086659677657,-0.00584253776752053,-0.9098256864623938,0.9096800710182311,0.023013876245481523,-0.00635649399208852,0.007595914895089331,0.010710930837901245,-0.0004236254916589862,0.027853737319036793,-0.004577831607880404,0.0,-0.17453292519943295,0.0
1.1901263496578038,9.805942972375608,-0.2226282112539751,0.0725713648841283,0.00785904472033304,-0.013408603535632103,0.020329194685426002,11.76870091741595,-0.048460774687572435,0.0982748949256488,0.005141605837513074,-0.009569615652369346,0.01590966990098432,9.808738323603594,0.007400618195830803,-0.02269887551746399,-0.016427009760423158,-0.005814958767945502,-0.9100940107619998,0.9099475194205744,0.0230238083769416,-0.006339161472156399,0.007665158536747305,0.010816590291657149,-0.00042718935571987155,0.027979554474690492,-0.004577831607880404,0.0,-0.17453292519943295,0.0
1.2101263496578039,9.804293602154303,-0.2268186253798059,0.07301811534735923,0.00793290582089455,-0.013515584916709367,0.02041260101753195,11.96482713197045,-0.049803032609675814,0.10161043547278203,0.005295587453865196,-0.009840984533195356,0.01631570405024846,9.807188759845088,0.007447427458019979,-0.02312985468990094,-0.016394222580910348,-0.005787611304466039,-0.9103539507626516,0.9102066112088251,0.023033447080229436,-0.00632201511872769,0.0077327264296117425,0.0109199721963716,-0.0004306657483503348,0.028098787581716144,-0.004577831607880404,0.0,-0.17453292519943295,0.0
1.2301263496578039,9.80270378402568,-0.2309876256584052,0.07345047998557143,0.008005164517301126,-0.01361985621150486,0.020491457859197513,12.160921883283724,-0.051149904381870774,0.10500672283308565,0.005450903931602789,-0.0101145374343871,0.016723308425459583,9.805699961429005,0.007492739459166252,-0.023558643919314018,-0.016362513956560933,-0.005760499738626007,-0.9106054495403354,0.9104572895369866,0.023042789556678236,-0.006305056001661837,0.007798649841220758,0.01102111235390237,-0.0004340541810209542,0.02821161999523917,-0.004577831607880404,0.0,-0.17453292519943295,0.0
1.250126349657804,9.801173674238669,-0.2351341669395606,0.07386838254488261,0.008075848579845281,-0.013721405298091831,0.020565899453892457,12.356986371907766,-0.05250066111379073,0.10846385601480699,0.005607522689263145,-0.010390220569737372,0.01713239269968567,9.804272028406356,0.007536544747816701,-0.023985127369339505,-0.01633189225342841,-0.005733628294324359,-0.9108484540164016,0.9106995013958085,0.023051833106951525,-0.006288285131810777,0.00786295949838666,0.011120045987303425,-0.0004373541598223774,0.028318231259101174,-0.004577831607880404,0.0,-0.17453292519943295,0.0
1.270126349657804,9.799703417961453,-0.23925723790435063,0.07427175230280766,0.008144985285346799,-0.013820219951139766,0.02063605706465487,12.553021800472543,-0.05385456926466698,0.11198192293700347,0.005765411754581401,-0.01066797987505143,0.017542869228691933,9.802905048968144,0.007578834491678322,-0.02440919267817057,-0.01630236532123656,-0.005707001059527327,-0.9110829148215478,0.9109331974771808,0.023060575135316615,-0.006271703462084846,0.007925685595440822,0.011216807752693259,-0.00044056519094671603,0.028418797181164662,-0.004577831607880404,0.0,-0.17453292519943295,0.0
1.290126349657804,9.798293149282925,-0.2433558602856836,0.07466052388746706,0.00821260142689639,-0.013916287985362213,0.020702059036783103,12.749029373453425,-0.055210890768047326,0.11556100052697348,0.00592453975392193,-0.010947761008270274,0.01795465299260626,9.801599099526936,0.007619600460653915,-0.02483073089118406,-0.01627394050867515,-0.0056806219879752835,-0.9113087861636266,0.9111583320423552,0.023069013152791504,-0.0062553118885076845,0.007986857802307741,0.01131143175081016,-0.0004436867853160393,0.028513489906974526,-0.004577831607880404,0.0,-0.17453292519943295,0.0
1.310126349657804,9.79694299121179,-0.24742908810548267,0.0750346370986782,0.008278723323366955,-0.014009597375675866,0.020764030859166286,12.945010296940012,-0.05656888315439837,0.11920115481300965,0.006084875901869609,-0.011229509352245993,0.01836766153879185,9.800354244794372,0.0076588350099782015,-0.02524963639486602,-0.016246624677875673,-0.005654494900883078,-0.9115260257009068,0.9113748627956142,0.023077144779367436,-0.006239111251259584,0.008046505272419539,0.011403951538263898,-0.0004467184624702886,0.02860247799181736,-0.004577831607880404,0.0,-0.17453292519943295,0.0
1.330126349657804,9.795653055674038,-0.2514760069281701,0.07539403673381494,0.008343376828699484,-0.014100136357248428,0.020822095224284784,13.14096577840627,-0.05792779967163454,0.12290244101299966,0.006246389990977866,-0.011513170019733315,0.018781814925900746,9.799170537855318,0.0076965310637498435,-0.025665806852004397,-0.016220424217953555,-0.005628623488632785,-0.911734594421913,0.9115827507645078,0.023084967745478992,-0.006223102335708903,0.008104656650481495,0.011494400138493238,-0.0004496597538146847,0.028685926471218124,-0.004577831607880404,0.0,-0.17453292519943295,0.0
1.350126349657804,9.794423443509423,-0.255495733130111,0.07573867242051946,0.008406587340970514,-0.014187893508250938,0.0208763720869111,13.336897026481921,-0.05928688940361615,0.1266649036193704,0.006409052381670629,-0.011798687860221545,0.019197035669082627,9.798048020239271,0.00773268209907366,-0.026079143138117857,-0.016195345057553732,-0.005603011312457947,-0.9119344565325468,0.9117819601873549,0.023092479892866825,-0.006207285873431195,0.00816134008009836,0.011582810052438436,-0.00045251020531537927,0.028763996929912723,-0.004577831607880404,0.0,-0.17453292519943295,0.0
1.370126349657804,9.793254244467557,-0.259487413184683,0.07606849845770053,0.008468379811247833,-0.014272857817798733,0.020926978721540937,13.532805250725032,-0.06064539738665785,0.13048857648083956,0.006572833992295486,-0.012086007468284128,0.019613248686323817,9.796986721989608,0.007767282130961118,-0.02648954927909061,-0.016171392676375247,-0.005577661806118434,-0.9121255793508641,0.911972458408384,0.02309967917495512,-0.006191662543215799,0.008216583211270344,0.01166921326893751,-0.0004552693797217168,0.028836847569333912,-0.004577831607880404,0.0,-0.17453292519943295,0.0
1.390126349657804,9.792145537204116,-0.2634502229626468,0.07638347366572718,0.008528778752240913,-0.014355018741263405,0.02097402977858333,13.728691661395752,-0.06200256472408808,0.13437348288140424,0.006737706289325534,-0.012375073193169826,0.020030381245892095,9.79598666173116,0.007800325698083726,-0.026896932389983648,-0.016148572115681797,-0.00555257827756531,-0.9123079332096241,0.9121542157806249,0.02310656365684561,-0.00617623297205974,0.008270413207766976,0.011753641274854992,-0.0004579368583840081,0.028904633273646826,-0.004577831607880404,0.0,-0.17453292519943295,0.0
1.410126349657804,9.791097389277663,-0.26738336704749605,0.07668356124631116,0.00858780824675232,-0.014434366244864898,0.021017637339338053,13.924557469231187,-0.06335762869889923,0.13831963561696184,0.006903641277707533,-0.012665829149400495,0.020448362914863443,9.795047846736582,0.007831807849431487,-0.02730120261499363,-0.01612688798782779,-0.005527763910595092,-0.9124814913665307,0.912327205576473,0.02311313151501286,-0.006160997736148807,0.008322856754386126,0.011836125064951322,-0.0004605122427271374,0.028967505674369603,-0.004577831607880404,0.0,-0.17453292519943295,0.0
1.430126349657804,9.790109857147486,-0.2712860780654747,0.07696872865224356,0.008645491955936073,-0.014510890841206929,0.021057910969787638,14.120403885221359,-0.06470982288452726,0.14232703706992322,0.007070611491354164,-0.012958219228176235,0.020867125508707465,9.794170272991932,0.007861724131895077,-0.027702273068531222,-0.01610634448484695,-0.0055032217664929784,-0.9126462299219302,0.9124914039056871,0.023119381036770484,-0.006145957361825755,0.0083739400641049,0.011916695151500878,-0.0004629951554325914,0.02902561321361329,-0.004577831607880404,0.0,-0.17453292519943295,0.0
1.450126349657804,9.789182986172822,-0.27515761602995453,0.07723894746690055,0.008701853127368717,-0.014584583617198582,0.02109495777323077,14.316232120386257,-0.06605837725379868,0.14639567928214503,0.007238589983778266,-0.013252187109419793,0.021286603041908634,9.79335392526179,0.007890070578764759,-0.028100059777391637,-0.016086945386162538,-0.0054789547856647705,-0.9128021277436291,0.9126467896404858,0.02312531061956545,-0.00613111232654564,0.008423688885128289,0.011995381573666286,-0.00046538524137457063,0.029079101205974515,-0.004577831607880404,0.0,-0.17453292519943295,0.0
1.470126349657804,9.788316810613793,-0.2789972676998717,0.07749419329324173,0.008756914602938603,-0.014655436255608485,0.021128882441782966,14.512043385553962,-0.06740251828608211,0.15052554402647492,0.007407550318867061,-0.013547676274319114,0.021706731679601167,9.792598777154241,0.00791684369911939,-0.028494481623990587,-0.016068694065486284,-0.005454965789257224,-0.9129491663984073,0.9127933443473203,0.023130918770146686,-0.006116463059818299,0.008472128507840933,0.012072213906636308,-0.0004676821683496525,0.029128111899113424,-0.004577831607880404,0.0,-0.17453292519943295,0.0
1.490126349657804,9.78751135363433,-0.2828043459519287,0.07773444565188653,0.008810698826558612,-0.014723441051323623,0.021159787306769953,14.70783889113984,-0.06874146907268036,0.15471660287717295,0.007577466561794503,-0.013844630018250117,0.022127449690195734,9.791904791185983,0.007942040468064678,-0.028885460290639747,-0.016051593496977955,-0.00543125748076677,-0.913087330089764,0.9129310522248567,0.02313620410364506,-0.006102009944138062,0.008519283771666674,0.012147221270534317,-0.00046988562763398305,0.029172784533048543,-0.004577831607880404,0.0,-0.17453292519943295,0.0
1.5101263496578041,9.786766627307326,-0.28657818916627226,0.07795968788775766,0.008863227851707359,-0.014788590923230852,0.021187772388038307,14.903619846926802,-0.07007444942049848,0.15896881727944306,0.007748313270069914,-0.014142991463981779,0.02254869739897667,9.791271918847816,0.007965658317769901,-0.02927292020483632,-0.01603564626073966,-0.005407832447636592,-0.9132166056013994,0.9130599000476775,0.02314116534259418,-0.0060877533159007895,0.008565179071840092,0.012220432339104064,-0.0004719953343971134,0.029213255398199196,-0.004577831607880404,0.0,-0.17453292519943295,0.0
1.5301263496578041,9.786082632622223,-0.29031816062536525,0.07816990708471432,0.008914523348803669,-0.014850879422503623,0.02121293544220751,15.099387461846653,-0.07140067595402218,0.1632821386182819,0.00792006548472121,-0.014442703575082667,0.022970417142648927,9.790700100670678,0.007987695129245406,-0.029656788485542245,-0.016020854547719367,-0.005384693162842102,-0.913336982245923,0.913179877115187,0.02314580131591496,-0.006073693466308363,0.008609838366093726,0.0122918753481792,-0.000474011027997321,0.029249657892205714,-0.004577831607880404,0.0,-0.17453292519943295,0.0
1.5501263496578042,9.785459359495203,-0.2940236479257753,0.07836509398756497,0.008964606612418907,-0.014910300737957714,0.02123537200988679,15.29514294376252,-0.07271936221564021,0.16765650828682707,0.008092698721611054,-0.01474370916946257,0.023392553224814303,9.790189266292431,0.008008149224799749,-0.03003699489042898,-0.016007220164096447,-0.005361841986464978,-0.9134484518182814,0.9132909752052244,0.023150110957881602,-0.006059830642260775,0.008653285181264207,0.012361578103942688,-0.00047593247217950235,0.029282122575556416,-0.004577831607880404,0.0,-0.17453292519943295,0.0
1.5701263496578042,9.784896786782129,-0.29769406240260915,0.07854524293082984,0.009013498568331545,-0.014966849699036227,0.02125517546187969,15.490887499252384,-0.07402971876434343,0.17209185775436422,0.008266188962884348,-0.015045950932995197,0.02381505187235708,9.789739334525514,0.008027019361113231,-0.03041347176406468,-0.01599474453521977,-0.005339281167255962,-0.9135510085534148,0.9133931885318829,0.023154093307082076,-0.006046165047235985,0.008695542619820182,0.01242956799098201,-0.00047775945519345245,0.029310777226049946,-0.004577831607880404,0.0,-0.17453292519943295,0.0
1.5901263496578042,9.78439488229435,-0.30132883856632675,0.07871035177362647,0.009061219780428151,-0.0150205217768941,0.021272437044398605,15.686622333393723,-0.07533095327283253,0.1765881086341314,0.008440512648545513,-0.015349371433178261,0.024237861192719513,9.789350213425605,0.008044304722864876,-0.03078615398702103,-0.015983428709165422,-0.005317012844186658,-0.9136446490876594,0.913486513707064,0.023157747505382752,-0.0060326968421577165,0.008736633366314526,0.012495871980145873,-0.0004794917898474956,0.029335746892120686,-0.004577831607880404,0.0,-0.17453292519943295,0.0
1.6101263496578042,9.783953602817467,-0.30492743355167506,0.07886042184006414,0.00910779045745483,-0.015071313083974539,0.021287245923311177,15.882348649549302,-0.07662227062306551,0.18114517275104053,0.008615646668164093,-0.01565391313279593,0.02466093113204808,9.789021800361368,0.008060004916851052,-0.031154978925877905,-0.015973273359977138,-0.0052950390479906346,-0.9137293724234508,0.9135709497053153,0.023161072796903732,-0.00601942614625138,0.008776579693763015,0.012560516636207842,-0.0004811293135099749,0.02935715394505426,-0.004577831607880404,0.0,-0.17453292519943295,0.0
1.6301263496578042,9.783572894133135,-0.30848932657848643,0.07899545786455643,0.009153230459622947,-0.015119220372402773,0.021299689227439734,16.07806764915411,-0.07790287300027528,0.1857629522094187,0.008791568352707188,-0.0159595184035559,0.025084213434191815,9.788753982085396,0.008074119966536274,-0.03151988638410428,-0.01596427879064815,-0.005273361702694163,-0.913805179896894,0.9136464978315235,0.0231640685270091,-0.006006353037888339,0.008815403469951449,0.012623528125342133,-0.0004826718880689761,0.02937511813011952,-0.004577831607880404,0.0,-0.17453292519943295,0.0
1.6501263496578042,9.783252691043943,-0.3120140184240917,0.07911546794148863,0.00919755930507285,-0.015164241031465015,0.021309852090934594,16.27378053150348,-0.07917195998548694,0.19044133946085726,0.00896825546649735,-0.01626612953967932,0.025507661600534432,9.78854663480638,0.008086650306979594,-0.031880818553794786,-0.01595644493589879,-0.005251982627136927,-0.9138720751478154,0.9137131616910751,0.02316673414131454,-0.005993477555418689,0.008853126163672814,0.012684932222416645,-0.00048411939985884865,0.02938975661664276,-0.004577831607880404,0.0,-0.17453292519943295,0.0
1.6701263496578043,9.782992917401423,-0.3155010309071035,0.07922046347871219,0.009240796176199115,-0.015206373084391427,0.02131781769474153,16.469488493542404,-0.08042872864656354,0.19518021737224245,0.00914568619929453,-0.016573688771426637,0.02593123085064235,9.78839962426257,0.008097596780083436,-0.032237719968241776,-0.01594977136479933,-0.005230903536483085,-0.913930064091921,0.9137709471621139,0.02316906918471308,-0.005980799697992779,0.008889768850896056,0.012744754318108094,-0.0004854717595605239,0.02940118404704916,-0.004577831607880404,0.0,-0.17453292519943295,0.0
1.6901263496578043,9.782793486137209,-0.3189499063823296,0.07931045915437383,0.00928295992584075,-0.015245615184620228,0.021323667307183235,16.665192729656088,-0.08167237362780846,0.1999794592940305,0.009323839158500713,-0.016882138278546597,0.02635487808371113,9.788312805796572,0.008106960630115442,-0.03259053745532312,-0.015944257283283123,-0.005210126043723069,-0.9139791548947375,0.9138198623695684,0.023171073300418805,-0.005968319426371679,0.008925352220867665,0.0128030194258439,-0.000486728902081313,0.029409512584896075,-0.004577831607880404,0.0,-0.17453292519943295,0.0
1.7101263496578043,9.78265429929735,-0.322360207246582,0.07938547287662431,0.009324069083339645,-0.01528196661168483,0.021327480323674153,16.860894431461745,-0.08290208723815172,0.20483892912881835,0.009502693361485943,-0.017191420203638688,0.026778561840793125,9.78828602443149,0.008114743499457667,-0.03293922009168695,-0.0159399015365907,-0.0051896516611665035,-0.9140193579470208,0.9138599176606391,0.023172746229027465,-0.005956036663726795,0.008959896582147266,0.012859752188575433,-0.00048789078641874685,0.02941485196192187,-0.004577831607880404,0.0,-0.17453292519943295,0.0
1.7301263496578043,9.782575248079786,-0.3257315154551508,0.07944552574579164,0.009364141860470443,-0.015315427266836263,0.021329334305587682,17.056594787601675,-0.084117059537947,0.20975848140025327,0.009682228228034398,-0.01750147666542207,0.02720224226778968,9.78831911494844,0.008120947424541542,-0.033283719157714775,-0.015936702611680904,-0.005169481801926639,-0.9140506858413713,0.9138911255814811,0.023174087807592152,-0.005943951296428855,0.008993421868578206,0.012914976885387014,-0.0004889573955120835,0.029417309524133805,-0.004577831607880404,0.0,-0.17453292519943295,0.0
1.7501263496578043,9.78255621287496,-0.32906343204871835,0.07949064201863824,0.009403196157244895,-0.01534599766848841,0.021329305018294248,17.252294983537652,-0.0853164784244053,0.21473796132231537,0.00986242357290923,-0.017812249771905958,0.027625881079191405,9.788411901965441,0.008125574831930578,-0.03362398809324507,-0.015934658639641375,-0.00514961778139666,-0.9140731533497981,0.9139135008548295,0.023175097968712092,-0.0059320631748264446,0.009025947645193984,0.012968717437944845,-0.0004899287360843184,0.029416990276957492,-0.004577831607880404,0.0,-0.17453292519943295,0.0
1.7701263496578044,9.782597063309575,-0.3323555766904921,0.0795208490743618,0.009441249567593691,-0.015373678947553026,0.021327466468388376,17.447996201346626,-0.08649952971569068,0.21977720486900093,0.010043259598534913,-0.01812368163345805,0.028049441522550515,9.788564200017687,0.00812862853451691,-0.03395998245404004,-0.0159337673981266,-0.005130060818718292,-0.9140867774020212,0.9139270603583526,0.023175776739632014,-0.005920372114014335,0.009057493114061349,0.013020997416790149,-0.0004908048384768872,0.029413996929470297,-0.004577831607880404,0.0,-0.17453292519943295,0.0
1.7901263496578044,9.78269765829344,-0.3356075872133399,0.07953617738202948,0.009478319384928595,-0.01539847284271454,0.02132389094012253,17.643699619517808,-0.08766539723370276,0.22487603884442822,0.010224716887795804,-0.018435714375768835,0.028472888343669542,9.788775813639194,0.008130111727800881,-0.034291659868978544,-0.015934026313848257,-0.005110812038243009,-0.9140915770643137,0.9139318231035404,0.02317612424134961,-0.00590887789459176,0.009088077120060706,0.013071840047480368,-0.0004915857564787069,0.029408429937740208,-0.004577831607880404,0.0,-0.17453292519943295,0.0
1.8101263496578044,9.782857846069392,-0.33881911917671576,0.07953666046917332,0.009514422607587726,-0.015420381695680841,0.021318649031065028,17.83940641275112,-0.08881326288557014,0.23003428095338216,0.010406776396949714,-0.018748290152710477,0.028896187752491063,9.789046537445808,0.008130027986226777,-0.034618979997958994,-0.01593543246513928,-0.005091872470986242,-0.914087573518714,0.9139278102149542,0.023176140687728494,-0.005897580263410875,0.00911771815660453,0.013121268216582466,-0.0004922715671507696,0.029400387547291417,-0.004577831607880404,0.0,-0.17453292519943295,0.0
1.8301263496578044,9.783077464266249,-0.3419898454331687,0.07952233489130148,0.009549575944166649,-0.01543940844643494,0.021311809686999035,18.03511775175708,-0.08994230674387825,0.23525173987230988,0.010589419448655215,-0.019061351159089614,0.029319307389673425,9.789376156219562,0.008128381259550616,-0.03494190449049624,-0.01593798258460987,-0.005073243056074908,-0.9140747900424591,0.9139150449096923,0.023175826384614084,-0.005886478934315569,0.00914643437129425,0.013169304477522039,-0.0004928623706471356,0.02938996583471708,-0.004577831607880404,0.0,-0.17453292519943295,0.0
1.8501263496578044,9.783356339954752,-0.34511945570423025,0.07949324020211039,0.009583795818737919,-0.015455556628503474,0.021303440236079236,18.2308348030581,-0.09105170712565458,0.24052821532077576,0.01077262772511148,-0.01937483964329389,0.029742216293837817,9.789764444994386,0.008125175869219023,-0.03526039694499707,-0.01594167306191097,-0.005054924642188548,-0.9140532519875092,0.9138935524769413,0.023175181728949945,-0.005875573588870825,0.009174243571516194,0.013215971056291957,-0.0004933582900329024,0.029377258748459558,-0.004577831607880404,0.0,-0.17453292519943295,0.0
1.8701263496578044,9.783694289706451,-0.3482076561654823,0.0794494189242098,0.009617098375961645,-0.015468830364250861,0.021293606422262423,18.426558728791278,-0.09214064067013371,0.2458634981333809,0.010956383261309436,-0.019688697919832333,0.03016488486947229,9.790211169143099,0.008120416504741032,-0.035574422868699516,-0.015946499946618054,-0.0050369179889944,-0.9140229867600506,0.9138633602574993,0.023174207207892174,-0.005864863877082797,0.009201163229977013,0.01326128985702418,-0.0004937594710994878,0.02936235814877764,-0.004577831607880404,0.0,-0.17453292519943295,0.0
1.8901263496578045,9.784091119655484,-0.3512541690406092,0.07939091652019457,0.00964949948608953,-0.015479234360202324,0.021282372438027927,18.622290686512656,-0.09320828241532395,0.25125737033215,0.011140668438393024,-0.020002868381769737,0.03058728485547871,9.790716084465712,0.008114108220036933,-0.03588394963826123,-0.01595245895124597,-0.00501922376857667,-0.9139840237998842,0.9138244976231809,0.023172903397919664,-0.005854349418109811,0.009227210490179008,0.013305282467428174,-0.0004940660821773998,0.02934535384691996,-0.004577831607880404,0.0,-0.17453292519943295,0.0
1.9101263496578045,9.784546625563188,-0.35425873220424275,0.07931778136392194,0.009681014749864846,-0.015486773902394821,0.02126980095640345,18.818031829003026,-0.094253805873397,0.25670960519938585,0.01132546597712937,-0.020317293513055428,0.031009389294348925,9.791278937279001,0.008106256429750843,-0.03618894646098325,-0.015959545454403236,-0.005001842566860227,-0.9139363945596135,0.9137769959560164,0.02317127096393823,-0.005844029800964415,0.009252402171835775,0.013347970164099443,-0.0004942783139465244,0.02932633364352334,-0.004577831607880404,0.0,-0.17453292519943295,0.0
1.9301263496578045,9.785060592885511,-0.3572210987934133,0.07923006471187136,0.009711659503320664,-0.015491454851751713,0.02125595316231152,19.013783304075254,-0.09527638310492141,0.26221996735099057,0.011510758931486667,-0.02063191590074662,0.03143117250195668,9.791899464507301,0.00809686690551564,-0.03648938433665525,-0.01596775450409224,-0.004984774885028987,-0.9138801324835715,0.9137208886271857,0.02316931065837671,-0.0058339045852066895,0.009276754776228495,0.01338937391770146,-0.0004943963792438711,0.029305383366254184,-0.004577831607880404,0.0,-0.17453292519943295,0.0
1.9501263496578045,9.785632796843135,-0.36014103682742205,0.0791278206744811,0.009741448822478686,-0.015493283639474739,0.021240888783251477,19.209546254383202,-0.09627518479196008,0.26778821281025045,0.011696530682318601,-0.020946678247126597,0.03185261003795221,9.792577393774522,0.008085945772160659,-0.0367852360200093,-0.015977080821160672,-0.004968021140939155,-0.9138152729864227,0.9136562109756233,0.023167023320273414,-0.00582397330162894,0.009300284491503259,0.013429514398024305,-0.0004944205128686406,0.029282586906710897,-0.004577831607880404,0.0,-0.17453292519943295,0.0
1.9701263496578045,9.78626300249428,-0.3630183288359557,0.0790111061873742,0.009770397527950881,-0.015492267262445316,0.02122466611933162,19.405321817232213,-0.0972493803100519,0.2734140890820812,0.011882764931154135,-0.021261523381717756,0.032273678676746666,9.793312443497356,0.0080734995038545,-0.037076475983769154,-0.015987518802907195,-0.004951581670527523,-0.9137418534314005,0.9135830002862548,0.023164409874351456,-0.0058142354529319516,0.009323007197909705,0.013468411978923145,-0.0004943509713844318,0.029258026256604463,-0.004577831607880404,0.0,-0.17453292519943295,0.0
1.9901263496578045,9.786950964810108,-0.3658527714952664,0.07887998098239879,0.00979852018944614,-0.015488413278626215,0.021207342072665746,19.601111124391245,-0.09819813779909667,0.27909733522772856,0.012069445694091479,-0.021576394273189484,0.03269435637907381,9.794104322979619,0.008059534920176581,-0.037363080382282976,-0.015999062526843667,-0.0049354567292149605,-0.9136599131081392,0.9135012957678245,0.02316147133008171,-0.005804690514392933,0.009344938472981294,0.013506086743139767,-0.0004941880329183792,0.02923178154323437,-0.004577831607880404,0.0,-0.17453292519943295,0.0
2.0101263496578046,9.787696428752684,-0.3686441752722447,0.07873450755842087,0.009825831130184088,-0.015481729802454184,0.021188972176148076,19.796915301906633,-0.09912062423316245,0.28483768193991904,0.012256557295795077,-0.02189123404116061,0.033114622264116725,9.794952732507731,0.008044059182112491,-0.03764502701572719,-0.016011705754614806,-0.00491964649330526,-0.9135694932100771,0.9134111385302903,0.023158208780732277,-0.0057953379345253115,0.009366093596657497,0.013542558487010081,-0.0004939319969569964,0.029203931064276142,-0.004577831607880404,0.0,-0.17453292519943295,0.0
2.0301263496578046,9.788499129355408,-0.37139236407621584,0.07857475115181968,0.009852344431218131,-0.01547222550021392,0.02116961062162028,19.992735469917523,-0.10001600548923378,0.29063485161845554,0.01244408436359448,-0.022205985967896053,0.03353445658218762,9.79585736344728,0.008027079787969427,-0.03792229529487009,-0.01602544193607505,-0.004904151061379404,-0.9134706368114032,0.9133125715617608,0.023154623402403592,-0.005786177135730493,0.009386487556348206,0.01357784672506074,-0.000493583184138497,0.02917455132189685,-0.004577831607880404,0.0,-0.17453292519943295,0.0
2.0501263496578046,9.78935879180589,-0.3740971749182942,0.07840077970664443,0.009878073935669801,-0.015459909585383956,0.021149310287443945,20.188572742472996,-0.10088344641491885,0.2964885584462511,0.012632011821683912,-0.022520593509897102,0.033953840687948905,9.79681789834065,0.00800860456920895,-0.03819486620638378,-0.016040264213521754,-0.004888970455685371,-0.9133633888435384,0.9132056397049618,0.02315071645304842,-0.005777207514941731,0.009406135051940595,0.01361197069449758,-0.0004931419360413732,0.029143717056214026,-0.004577831607880404,0.0,-0.17453292519943295,0.0
2.0701263496578046,9.790275131531173,-0.3767584575781328,0.07821266384440122,0.009903033252876368,-0.01544479181394539,0.02112812276549161,20.3844282273509,-0.1017221108951334,0.3023985084657952,0.012820324885421406,-0.022835000309384606,0.0343727570141642,9.7978340110057,0.007988641686195345,-0.038462722278693545,-0.01605616542608272,-0.004874104623523555,-0.9132477960711384,0.9130903896332231,0.02314648927147613,-0.005768428444260245,0.00942505050074871,0.01364494935958894,-0.0004926086149690261,0.02911150127811354,-0.004577831607880404,0.0,-0.17453292519943295,0.0
2.0901263496578046,9.791247854285253,-0.37937607427790954,0.07801047683344577,0.009927235762453683,-0.015426882479644905,0.021106098387569206,20.580303025878425,-0.10253116191777863,0.3083643996560457,0.013009009055726363,-0.02314915020567417,0.03479118904596803,9.79890536663539,0.007967199623858622,-0.03872584754835437,-0.016073138114255505,-0.004859553438627767,-0.9131239070676161,0.912966869825982,0.023141943276340855,-0.005759839271583652,0.00944324804240603,0.013676801415946507,-0.0004919836037302569,0.02907797530144128,-0.004577831607880404,0.0,-0.17453292519943295,0.0
2.1101263496578047,9.792276656238839,-0.38194989936339363,0.07779429455796351,0.009950694618276168,-0.015406192409204135,0.02108328625128244,20.77619823275444,-0.10330976163842996,0.3143859220097409,0.013198050113574396,-0.023462987246442347,0.03520912129564327,9.80003162189845,0.007944287187271826,-0.038984227526943874,-0.016091174524595554,-0.004845316702541951,-0.9129917721901789,0.9128351305437991,0.023137079965113192,-0.0057514393212269,0.00946074154370123,0.013707545294706424,-0.0004912673054154539,0.029043208774583103,-0.004577831607880404,0.0,-0.17453292519943295,0.0
2.1301263496578047,9.793361224071282,-0.38447981899194017,0.0775641954865258,0.00997342275237579,-0.015382732957468158,0.021059734245359393,20.972114935873574,-0.10405707144405345,0.320462757611125,0.013387434114588315,-0.023776455698882676,0.035626539277895726,9.80121242504092,0.007919913497143067,-0.039237849168462215,-0.016110266614549312,-0.004831394145992523,-0.9128514435543876,0.9126952238028947,0.02313190091303533,-0.005743227894535756,0.009477544603357422,0.013737199166613413,-0.0004904601431683315,0.029007269711447445,-0.004577831607880404,0.0,-0.17453292519943295,0.0
2.1501263496578047,9.794501235064612,-0.3869657308272629,0.07732026064021479,0.009995432878761873,-0.015356516002486583,0.021035489074441388,21.168054216152143,-0.10477225201576573,0.32659458071408093,0.013577147383724142,-0.02408950006075023,0.036043429485615286,9.802447415988638,0.007894087985223144,-0.03948670083722917,-0.01613040605742821,-0.004817785430256355,-0.912702975008242,0.9125472033492084,0.02312640777205937,-0.005735204270492978,0.009493670556755039,0.013765780946010402,-0.000489562559953101,0.02897022452186423,-0.004577831607880404,0.0,-0.17453292519943295,0.0
2.1701263496578047,9.795696357199617,-0.389407543740839,0.0770625735603141,0.010016737497163494,-0.015327553940521543,0.02101059628335386,21.364017147355863,-0.10545446339065363,0.33278105782066464,0.013767176510051018,-0.02440206507129333,0.03645977936611356,9.803736226450601,0.007866820389630108,-0.03973077227626903,-0.01615158424751918,-0.004804490148524364,-0.912546422105801,0.9123911246319915,0.023120602269769183,-0.005727367706317247,0.009509132480598618,0.01379330829473623,-0.000488575018316984,0.02893213804141371,-0.004577831607880404,0.0,-0.17453292519943295,0.0
2.1901263496578047,9.796946249253912,-0.39180517751980276,0.07679122027556608,0.010037348896696253,-0.01529585968097758,0.020985100280868755,21.5600047959294,-0.1061028650226688,0.3390218477600359,0.013957508341623882,-0.02471409572207092,0.036875577297828,9.805078480023148,0.007838120750092515,-0.03997005457617458,-0.016173792305326617,-0.004791507827260661,-0.912381842080346,0.9122270447769436,0.023114486208285562,-0.005719717438055006,0.009523943197527729,0.013819798625934049,-0.0004874980001480018,0.02889307356069825,-0.004577831607880404,0.0,-0.17453292519943295,0.0
2.2101263496578047,9.798250560901918,-0.39415856258118653,0.07650628926899918,0.010057279159455073,-0.015261446641249165,0.020959044362969706,21.756018220827798,-0.10671661584261269,0.3453166017677792,0.01414812998044783,-0.02502553726765404,0.0372908125674827,9.806473792294993,0.007807999403113406,-0.040204540144441116,-0.016197021082940986,-0.004778837927557159,-0.9122092938171066,0.912055022558905,0.0231080614631552,-0.0057122526811652224,0.009538115280672197,0.013845269107772602,-0.0004863320064279941,0.02885309285406996,-0.004577831607880404,0.0,-0.17453292519943295,0.0
2.2301263496578048,9.79960893281671,-0.39646763969237314,0.07620787144433128,0.010076540164034717,-0.015224328741482376,0.020932470735631037,21.952058473349755,-0.10729487431722662,0.3516649635656101,0.014339028777532991,-0.02533633523620978,0.037705475347696464,9.807921770953028,0.007776466977057346,-0.040434222675262345,-0.016221261169528503,-0.0047664798464835895,-0.9120288378255529,0.9118751183741206,0.023101329982223556,-0.005704972631097215,0.009551661058151882,0.013869736667082981,-0.0004850775569808557,0.028812256207826594,-0.004577831607880404,0.0,-0.17453292519943295,0.0
2.250126349657805,9.801020996773655,-0.3987323596976234,0.07589606009195882,0.010095143588979663,-0.015184520399247834,0.02090542053712135,22.148126596972812,-0.10783679850740165,0.35806656944146253,0.014530192328038885,-0.02564643543996601,0.03811955667502875,9.809422015888885,0.00774353438716325,-0.04065909711977995,-0.01624650289693643,-0.004754432918432797,-0.9118405362112798,0.9116873942120888,0.02309429378449208,-0.005697876463861603,0.009564592617521177,0.01389321799291311,-0.0004837351902159919,0.02877062244788787,-0.004577831607880404,0.0,-0.17453292519943295,0.0
2.270126349657805,9.802486375755782,-0.4009526832505478,0.07557095085453998,0.01011310091616492,-0.015142036524122727,0.020877933859842244,22.344223627190445,-0.10834154612552241,0.3645210483299516,0.014721608466507082,-0.02595578398555519,0.03853304842845445,9.810974119306227,0.007709212830485587,-0.040879159656778775,-0.016272736345408465,-0.004742696416461223,-0.9116444526474924,0.9114919136270142,0.02308695495896021,-0.00569096333659446,0.009576921810158477,0.013915729540002168,-0.00048230546286702085,0.028728248966964066,-0.004577831607880404,0.0,-0.17453292519943295,0.0
2.290126349657805,9.804004684060839,-0.4031285805523927,0.07523264169218528,0.010130423434109331,-0.015096892512180318,0.020850049771712523,22.540350591351082,-0.10880827459195899,0.3710280218932084,0.014913265262181131,-0.026264327284235497,0.03894594330825866,9.812577665828742,0.00767351378076709,-0.04109440766382018,-0.016299951349404148,-0.004731269553624431,-0.9114406523461125,0.91128874170888,0.02307931566345249,-0.00568423238811475,0.009588660255600772,0.013937287532177262,-0.0004807889497257701,0.02868519175122844,-0.004577831607880404,0.0,-0.17453292519943295,0.0
2.310126349657805,9.805575527409955,-0.40526003109601505,0.07488123284726757,0.010147122241222915,-0.015049104240385873,0.020821806337107947,22.73650850849906,-0.10923614109072051,0.37758710460208245,0.01510515101441262,-0.02657201206198752,0.03935823481534261,9.81423223260881,0.007636448983245973,-0.04130483968880609,-0.01632813750351665,-0.004720151484307524,-0.9112292020285254,0.911077945054158,0.02307137812343148,-0.005677682739475097,0.00959981934582357,0.01395790796567444,-0.0004791862433716305,0.028641505406504637,-0.004577831607880404,0.0,-0.17453292519943295,0.0
2.330126349657805,9.807198503057862,-0.4073470234154209,0.07451682680886558,0.010163208248989706,-0.014998688060898506,0.020793240637366445,22.932698389217556,-0.10962430262428381,0.38419790381770813,0.015297254248152285,-0.02687878536948472,0.039769917230932546,9.815937389436804,0.0075980304494008945,-0.04151045542196645,-0.016357284168482797,-0.004709341305550351,-0.9110101698959825,0.9108595917361761,0.023063144630796846,-0.005671313494505984,0.009610410249466354,0.013977606612386222,-0.0004774979538963531,0.028597243183980093,-0.004577831607880404,0.0,-0.17453292519943295,0.0
2.350126349657805,9.808873199904609,-0.4093895548407475,0.07413952827685565,0.010178692185087587,-0.014945660795278861,0.02076438879086841,23.128921235473474,-0.10997191606761057,0.39086001987343144,0.0154895637095251,-0.027184594591935944,0.04018098559668301,9.817692698851022,0.007558270451636927,-0.04171125566826344,-0.016387380477279383,-0.004698838058367253,-0.9107836255996818,0.9106337512751628,0.023054617542671296,-0.005665123740353401,0.009620443916003765,0.01399639902303766,-0.00047572470862438396,0.028552457005456045,-0.004577831607880404,0.0,-0.17453292519943295,0.0
2.370126349657805,9.810599198608726,-0.4113876312585694,0.07374944412566684,0.010193584596446507,-0.014890039728602993,0.02073528597270158,23.325178040464333,-0.11027813822136558,0.3975730461570943,0.015682068361488236,-0.027489387458798153,0.04059143569516665,9.819497716248197,0.007517181517915918,-0.04190724232020536,-0.016418415341299744,-0.004688640729061289,-0.910549640210542,0.9104004946079829,0.023045799280173997,-0.005659112548010068,0.009629931079862682,0.014014300530292985,-0.00047386715182885054,0.028507197488144512,-0.004577831607880404,0.0,-0.17453292519943295,0.0
2.390126349657805,9.812376071701758,-0.4133412668774126,0.07334668336771503,0.010207895852246482,-0.014831842603483216,0.020705966433919726,23.52146978846716,-0.11054212586434889,0.4043365691936732,0.01587475737957083,-0.0277931120533577,0.04100126403074246,9.82135198999456,0.007474776426334596,-0.04209841833106411,-0.01645037745660445,-0.004678748250532626,-0.9103082861886934,0.910159894057594,0.023036692327181998,-0.005653278972840195,0.009638882264485385,0.014031326251794773,-0.0004719259444433243,0.02846151396902242,-0.004577831607880404,0.0,-0.17453292519943295,0.0
2.410126349657805,9.81420338370413,-0.41525048399836323,0.07293135711653295,0.010221636146856764,-0.014771087613997001,0.020676463520404163,23.7177974546894,-0.11076303580515444,0.41115016872826926,0.016067620147694472,-0.028095716822178395,0.04141046781079495,9.823255061537461,0.007431068199653985,-0.04228478768848949,-0.016483255310240055,-0.004669159503581043,-0.9100596373527027,0.9099120233022323,0.023027299229080415,-0.005647622055097928,0.00964730778633902,0.014047491093137599,-0.0004699017637694941,0.02841545452875257,-0.004577831607880404,0.0,-0.17453292519943295,0.0
2.430126349657805,9.816080691242282,-0.4171153127906589,0.0725035785496102,0.010234815502717496,-0.01470779339952534,0.020646809691337004,23.914162005121845,-0.11094002493306704,0.41801341780944784,0.016260646254073356,-0.02839715058441469,0.041819044927336506,9.825206465517482,0.007386070099783344,-0.04246635538851469,-0.016517037186619964,-0.004659873318202233,-0.9098037688485504,0.9096569573443551,0.02301762259150198,-0.005642140820439468,0.009655217758871511,0.01406280975077799,-0.0004677953031808979,0.02836906601518109,-0.004577831607880404,0.0,-0.17453292519943295,0.0
2.450126349657805,9.818007543167008,-0.41893579107215406,0.07206346287096287,0.010247443773165133,-0.014641979038502242,0.020617036537294738,24.110564396393634,-0.11107225026820994,0.4249258828729251,0.01645382548719301,-0.028697362540988338,0.04222699393896568,9.827205729881026,0.00733979562222242,-0.04264312740994674,-0.0165517111739612,-0.004650888474877765,-0.9095407571183849,0.9093947724793572,0.023007665079056702,-0.0056368342804289226,0.009662622096414112,0.014077296714882566,-0.000465607271822867,0.02832239406642081,-0.004577831607880404,0.0,-0.17453292519943295,0.0
2.470126349657805,9.819983480672962,-0.4207119640945525,0.07161112727344641,0.010259530645202951,-0.014573664042077326,0.020587174797970634,24.307005575629283,-0.11115886901095458,0.4318871238255994,0.016647147831866542,-0.028996302283626915,0.042634314053174215,9.82925237599338,0.007292258490465227,-0.04281511068913631,-0.01658726517077119,-0.004642203705858479,-0.9092706798690672,0.9091255462640804,0.022997429414052258,-0.005631701433037964,0.009669530518030808,0.014090966272116107,-0.00046333839430884414,0.028275483133529292,-0.004577831607880404,0.0,-0.17453292519943295,0.0
2.490126349657805,9.82200803741927,-0.4224438843333025,0.07114669090083028,0.010271085642217848,-0.014502868347693602,0.020557254379534227,24.503486480307807,-0.11119903859060405,0.438896694129926,0.016840603465367348,-0.029293919803762624,0.043041005108995715,9.831345918752197,0.0072434726503689695,-0.042982313095121384,-0.016623686892378572,-0.0046338176964410924,-0.90899361604053,0.9088493574851376,0.022986918375205893,-0.005626741263139294,0.00967595255131471,0.014103832508371321,-0.0004609894104132463,0.028228376502790736,-0.004577831607880404,0.0,-0.17453292519943295,0.0
2.510126349657805,9.824080739651187,-0.42413161128205223,0.07067027480964935,0.010282118126644655,-0.014429612312582824,0.020527304371636006,24.700008038123908,-0.11119191671336165,0.4459541408886329,0.017034182753637214,-0.02959016550128991,0.04344706755998916,9.83348586670138,0.0071934522644914725,-0.04314474340513933,-0.01666096387750214,-0.004625729086237796,-0.9087096457739692,0.9085662861270688,0.02297613479634844,-0.005621952742993987,0.009681897536131657,0.01411590931144195,-0.00045856107476104514,0.02818111631761005,-0.004577831607880404,0.0,-0.17453292519943295,0.0
2.530126349657805,9.82620110632276,-0.4257752112515663,0.07018200193085009,0.01029263730257919,-0.014353916707180864,0.020497353064065173,24.896571166851267,-0.11113666140959554,0.45305900492977724,0.017227876247568774,-0.0298849901931804,0.04385250245755052,9.835671722145365,0.007142211706400655,-0.043302411280502204,-0.01669908349485203,-0.004617936470438624,-0.9084188503798855,0.9082764133403499,0.022965081565121323,-0.005617334832732729,0.009687374628311193,0.014127210373640961,-0.00045605415651424537,0.028133743600027624,-0.004577831607880404,0.0,-0.17453292519943295,0.0
2.550126349657805,9.828368649220431,-0.42737475717300394,0.06968199703124592,0.010302652218341146,-0.01427580270846577,0.02046742796306826,25.093176774207937,-0.11103243108041042,0.46021082089213994,0.01742167467936126,-0.030178345121953727,0.04425731143454592,9.83790298126374,0.007089765554959308,-0.04345532724283025,-0.01673803294975748,-0.004610438401066367,-0.9081213123059991,0.9079798214092735,0.022953761621667092,-0.005612886480831014,0.009692392803285118,0.014137749194365305,-0.0004534694390554444,0.028086298271862785,-0.004577831607880404,0.0,-0.17453292519943295,0.0
2.570126349657805,9.830582873087545,-0.42893032840546463,0.0691703866748003,0.010312171768988023,-0.01419529189322125,0.020437555807336152,25.289825757723843,-0.11087838454353706,0.46740911731095797,0.017615568958948485,-0.030470181964002984,0.044661496689259964,9.840179134226213,0.007036128588588762,-0.04360350265063875,-0.016777799290815215,-0.0046032333882237795,-0.9078171151050515,0.9076765937197198,0.0229421779573143,-0.005608606624578296,0.009696960859673781,0.014147539082608936,-0.0004508077196686592,0.028038819175494018,-0.004577831607880404,0.0,-0.17453292519943295,0.0
2.590126349657805,9.832843275749696,-0.43044201054770653,0.06864729918375108,0.010321204698781155,-0.014112406231228442,0.020407762583666892,25.486519004610415,-0.11067368107855001,0.4746534167039931,0.017809550170498054,-0.030760452837773393,0.04506506096965296,9.842499665307871,0.00698131577951456,-0.043746949676273406,-0.016818369416553243,-0.004596319901332873,-0.9075063434025162,0.9073668147268368,0.02293033361325744,-0.005604494190541162,0.009701087422820324,0.014156593159425543,-0.00044806980921760996,0.027991344094283523,-0.004577831607880404,0.0,-0.17453292519943295,0.0
2.610126349657805,9.835149348240876,-0.43190989525394613,0.06811286459959406,0.010329759603604952,-0.014027168078388922,0.02037807354231154,25.683257391632353,-0.11041748047142393,0.4819432356579361,0.018003609568980724,-0.031049110311793075,0.04546800755792096,9.844864053004752,0.006925342287997643,-0.0438856812831896,-0.01685973008210403,-0.004589696370366055,-0.9071890828642379,0.9070505699226494,0.02291823167923263,-0.005600548095020544,0.009704780948273045,0.014164924360342465,-0.00044525653182165095,0.027943909772653618,-0.004577831607880404,0.0,-0.17453292519943295,0.0
2.630126349657805,9.837500574930377,-0.4333340800536499,0.06756721464394014,0.010337844933340406,-0.013939600169781947,0.020348513212010134,25.880041784981536,-0.11010894305843869,0.4892780849151458,0.0181977385768089,-0.031336107412554666,0.04587034025535258,9.847271770149648,0.006868223456554196,-0.044019711203571336,-0.016901867905881957,-0.00458336118706886,-0.906865420164014,0.9067279458036143,0.022905875292189685,-0.005596767244502992,0.0097080497252161,0.014172545437727327,-0.0004423687245295413,0.02789655193582233,-0.004577831607880404,0.0,-0.17453292519943295,0.0
2.650126349657805,9.839896433650384,-0.4347146681752295,0.0670104826792619,0.010345468994193896,-0.01384972561265903,0.020319105414724675,26.076873040153085,-0.10974722976944314,0.4966574694607214,0.018391928780543236,-0.031621397632246716,0.04627206336747691,9.849722284028173,0.0068099748041674105,-0.04414905391628517,-0.016944769376259636,-0.004577312706174038,-0.9065354429511397,0.9063990298381382,0.022893267634961485,-0.005593150536106042,0.009710901879848721,0.014179468963108698,-0.0004394072369912483,0.027849305309205253,-0.004577831607880404,0.0,-0.17453292519943295,0.0
2.670126349657805,9.84233639582423,-0.4360517683735554,0.06644280366954487,0.010352639950982304,-0.01375756787937894,0.020289873280075896,26.27375200182357,-0.10933150217048751,0.5040808886099091,0.018586171927666293,-0.031904934936333826,0.04667318168949663,9.852215056495035,0.0067506120204943384,-0.04427372462516512,-0.01698842085823765,-0.00457154924660681,-0.906199239817935,0.9060639104340805,0.022880411934931025,-0.00558969685801772,0.009713345378713132,0.014185707329452216,-0.00043637293112797624,0.027802203637490464,-0.004577831607880404,0.0,-0.17453292519943295,0.0
2.690126349657805,9.844819926595255,-0.4373454947612042,0.06586431414085894,0.01035936582937544,-0.013663150800286298,0.02026083925949042,26.470679503731414,-0.10886092250583386,0.5115478360958402,0.018780459923422255,-0.032186673770984525,0.047073700492000964,9.854749544090513,0.006690150960071034,-0.04439373923762452,-0.017032808600102808,-0.004566069092680974,-0.9058569002672676,0.9057226769062529,0.022867311462697177,-0.005586405089930176,0.009715388031971408,0.014191272753393472,-0.00043326668080061474,0.02775527970339339,-0.004577831607880404,0.0,-0.17453292519943295,0.0
2.710126349657805,9.847346484956233,-0.4385959666433584,0.06527515214186358,0.010365654518096738,-0.013566498556536946,0.02023202514006477,26.667656368559456,-0.10833465373935419,0.5190578001576022,0.018974784827721677,-0.03246656907034597,0.047473625506952936,9.857325198157097,0.006628607636518917,-0.044509114343590644,-0.01707791874006962,-0.004560870495285697,-0.9055085146800912,0.9053754194439375,0.022853969530739565,-0.005583274103467506,0.009717037496631465,0.014196177277428987,-0.00043008937147679863,0.027708565346098005,-0.004577831607880404,0.0,-0.17453292519943295,0.0
2.730126349657805,9.849915523879316,-0.43980330835627784,0.06467545720426289,0.010371513771083146,-0.013467635672873287,0.02020345205815252,26.864683407819694,-0.10775185959532556,0.5266102636286407,0.01916913885211023,-0.03274457626366469,0.0478729629139456,9.859941464956293,0.006565998216755567,-0.04461986719475845,-0.017123737312900327,-0.004555951673062724,-0.9051541742830168,0.9050222290784387,0.022840389492083415,-0.005580302762607759,0.00971830127972234,0.014200432772066476,-0.0004268418998967717,0.02766209147939075,-0.004577831607880404,0.0,-0.17453292519943295,0.0
2.7501263496578052,9.852526490446447,-0.44096764910926395,0.06406537030322357,0.010376951209605184,-0.013366587010352792,0.02017514051268083,27.061761421740226,-0.10711170459863115,0.5342047040254932,0.019363514356800456,-0.03302065128225243,0.048271719326722154,9.86259778578555,0.006502339015212757,-0.044726015684159515,-0.01717025025649835,-0.00455131081357377,-0.9047939711159301,0.9046631976506837,0.022826574738964933,-0.00557748992409916,0.00971918674141906,0.014204050937935718,-0.00042352517373824423,0.02761588810949341,-0.004577831607880404,0.0,-0.17453292519943295,0.0
2.7701263496578052,9.855178825980216,-0.4420891228300409,0.0634450338177705,0.010381974324348021,-0.013263377759032911,0.020147110378202278,27.258891199154395,-0.10641335411437655,0.5418405936368524,0.019557903847765526,-0.03329475056629658,0.048669901779954824,9.865293597095302,0.006437646488064754,-0.044827578326042575,-0.017217443418470736,-0.004546946074457905,-0.9044279979996749,0.9042984177788911,0.022812528701497945,-0.005574834437870596,0.009719701098117263,0.014207043307861152,-0.0004201401112804351,0.027569984352600843,-0.004577831607880404,0.0,-0.17453292519943295,0.0
2.7901263496578053,9.857871966175098,-0.443167868013478,0.06281459149117388,0.010386590477454468,-0.013158033430615557,0.02011938091768801,27.456073517392117,-0.10565597438692993,0.5495173996129604,0.019752299973893977,-0.03356683107151434,0.04906751771627755,9.868028330606105,0.006371937227469715,-0.04492457423606212,-0.017265302562654777,-0.004542855584578627,-0.9040563485038164,0.9039279828263214,0.02279825484634236,-0.005572335147436324,0.009719851425457792,0.014209421248897337,-0.00041668764106748415,0.02752440845212951,-0.004577831607880404,0.0,-0.17453292519943295,0.0
2.8101263496578053,9.860605341229048,-0.44420402757357996,0.06217418839134112,0.010390806904530765,-0.013050579851054409,0.020091970795067884,27.653309142173434,-0.10483873257839478,0.5572345840553324,0.019946695524204444,-0.03383685027565019,0.04946457497356769,9.87080141342584,0.006305227955826965,-0.04501702311177155,-0.017313813375604524,-0.004539037445160495,-0.903679116914499,0.9035519868691242,0.022783756675375227,-0.005569990890294994,0.009719644661301511,0.014211195964328498,-0.00041316870157142113,0.027479187795682453,-0.004577831607880404,0.0,-0.17453292519943295,0.0
2.8301263496578053,9.863378375975394,-0.4451977486986734,0.061523970871227456,0.010394630716615992,-0.012941043153128181,0.020064898087523254,27.85059882750428,-0.10396079680652394,0.5649916041068096,0.0201410834251194,-0.034104766184816,0.049861081772472005,9.873612268166962,0.0062375355200529675,-0.045104945213417506,-0.01736296147303266,-0.0045354897309150335,-0.9032963982024163,0.903170524664301,0.02276903772436484,-0.005567800498322962,0.00971908760865457,0.01421237849563316,-0.00040958424085487614,0.02743434893173622,-0.004577831607880404,0.0,-0.17453292519943295,0.0
2.8501263496578053,9.866190490015013,-0.44614918270971976,0.060864086529277245,0.0103980689021159,-0.01282944976898306,0.020038180297537934,28.047943315574464,-0.10302133618208315,0.5727879120419399,0.020335456737796895,-0.034370537339673365,0.050257046704172324,9.876460313063799,0.0061688768858785235,-0.04518836134503206,-0.017412732406203706,-0.004532210491155697,-0.9029082879909058,0.9027836916177936,0.022754101561648636,-0.005565762798161912,0.009718186938544345,0.014212979724414944,-0.00040593521623370977,0.02738991758605517,-0.004577831607880404,0.0,-0.17453292519943295,0.0
2.8701263496578053,9.869041097848726,-0.44705848492168543,0.06019468416991046,0.010401128328701999,-0.01271582642264742,0.02001183436471266,28.24534333665786,-0.10201952084567253,0.5806229553576878,0.020529808655519344,-0.03463412282145786,0.05065247871838637,9.879344962089842,0.00609926913217004,-0.04526729283581963,-0.017463111668274307,-0.004529197750901729,-0.9025148825241849,0.9023915837527167,0.02273895178681545,-0.00556387661160083,0.009716949192846294,0.014213010374300568,-0.00040222259393974405,0.02734591867783836,-0.004577831607880404,0.0,-0.17453292519943295,0.0
2.8901263496578053,9.871929609009891,-0.44792581450790275,0.059515913764065606,0.010403815745176695,-0.012600200122522004,0.019985876677348344,28.442799609014862,-0.1009545220040141,0.5884961768644712,0.020724132501138342,-0.0348954822578447,0.05104738711159937,9.882265625075046,0.006028729445277236,-0.045341761521835285,-0.01751408470057672,-0.004526449511970659,-0.9021162786357391,0.9019942976777461,0.02272359202939267,-0.005562140755952341,0.009715380787062012,0.014212481012806089,-0.0003984473487837688,0.027302376335604082,-0.004577831607880404,0.0,-0.17453292519943295,0.0
2.9101263496578054,9.874855428197156,-0.44875133436735587,0.05882792640981198,0.010406137783305186,-0.012482598153848582,0.019960323083803244,28.64031283879704,-0.09982551196571318,0.5964070147775246,0.020918421724574556,-0.035154575828655624,0.051441781515522124,9.885221707823098,0.005957275113409877,-0.04541178972795162,-0.017565636898841698,-0.004523963754059248,-0.9017125737168814,0.9015919305556794,0.02270802594753897,-0.0055605540444234065,0.009713488013048697,0.014211402053172246,-0.00039461046381899617,0.027259313912817103,-0.004577831607880404,0.0,-0.17453292519943295,0.0
2.9301263496578054,9.877817955407322,-0.4495352109948281,0.05813087429304344,0.010408100959614919,-0.012363048071160248,0.01993518890362906,28.83788371995404,-0.09863166417650188,0.6043549028085886,0.021112669900371746,-0.0354113642714068,0.05183567188577141,9.888212612228639,0.005884923521045958,-0.04547740025011103,-0.017617753619356934,-0.004521738435812694,-0.9013038656854891,0.9011845800721777,0.02269225722674304,-0.005559115286480422,0.009711277041700295,0.014209783756169957,-0.0003907129300051346,0.027216754003263285,-0.004577831607880404,0.0,-0.17453292519943295,0.0
2.9501263496578054,9.880816586068294,-0.4502776143538477,0.057424910648265604,0.010409711677163324,-0.012241577690716309,0.01991048893849083,29.035512934142734,-0.09737215325397208,0.612339270257925,0.021306870725303895,-0.03566580888669755,0.052229068490768485,9.89123773639444,0.00581169214337372,-0.04553861633786043,-0.017670420185057684,-0.004519771495881904,-0.9008902529549387,0.9007723444047074,0.022676289578529043,-0.005557823288208735,0.009708753925580637,0.014207636231876816,-0.00038675574587324773,0.02717471845617637,-0.004577831607880404,0.0,-0.17453292519943295,0.0
2.9701263496578054,9.883850711172087,-0.45097871775237125,0.05671018971948767,0.01041097622727452,-0.012118215082924832,0.019886237482875473,29.2332011506386,-0.09604615502180576,0.6203595421066554,0.021501018016034545,-0.035917871543439804,0.05262198190085185,9.894296474748499,0.00573759854076975,-0.045595461677165626,-0.01772362189154602,-0.004518060853968633,-0.900471834403247,0.9003553221916907,0.02266012673916916,-0.005556676852666587,0.009705924601508762,0.014204969441425453,-0.0003827399171915626,0.027133228391121453,-0.004577831607880404,0.0,-0.17453292519943295,0.0
2.9901263496578054,9.886919717407842,-0.45163869772114507,0.05598686672123059,0.010411900791245711,-0.011992988564755759,0.019862448334593587,29.43094902624935,-0.09465284654351003,0.6284151391094234,0.021695105706827363,-0.03616751468392825,0.05301442297760022,9.897388218161016,0.005662660353315451,-0.045647960373502515,-0.017777344013035417,-0.004516604411858309,-0.9000487093424294,0.8999336125018775,0.022643772468403853,-0.005555674780233499,0.00970279489309679,0.014201793198724702,-0.0003786664566323878,0.02709230421263962,-0.004577831607880404,0.0,-0.17453292519943295,0.0
3.0101263496578055,9.89002298729482,-0.4522577338946863,0.0552550977996624,0.010412491442023952,-0.011865926692147553,0.019839134805079112,29.62875720523082,-0.0931914061556643,0.6365054778873788,0.021889127847306983,-0.03641470132875121,0.05340640286336196,9.900512354061297,0.005586895295354019,-0.04569613693522228,-0.01783157180821764,-0.004515400054440398,-0.8996209774880931,0.8995073148039529,0.022627230548170382,-0.00555481586895314,0.009699370513240567,0.014198117172154285,-0.00037453638344029814,0.027051965624658,-0.004577831607880404,0.0,-0.17453292519943295,0.0
3.0301263496578055,9.893159899315357,-0.4528360088948267,0.054515039993872076,0.01041275414585393,-0.01173705825241023,0.019816309729491305,29.826626319205072,-0.09166101350068685,0.6446299710214828,0.022083078600269195,-0.03665939508154226,0.0537979329709872,9.903668266554508,0.005510321150090082,-0.045740016257187904,-0.017886290526048718,-0.004514445650716096,-0.8991887389292713,0.899076528936389,0.022610504781339913,-0.005554098914870666,0.009695657066563413,0.014193950886233913,-0.00037035072310173786,0.02701223164466948,-0.004577831607880404,0.0,-0.17453292519943295,0.0
3.0501263496578055,9.896329828047724,-0.4533737082167636,0.053766851197292014,0.010412694763897432,-0.011606412256627643,0.01979398547662338,30.024556987080803,-0.09006084955912783,0.6527880271461327,0.022276952239539544,-0.03690156013357284,0.054189024973759055,9.90685533653828,0.0054329557642339935,-0.04577962360467942,-0.017941485411451297,-0.004513739054793213,-0.8987520940985118,0.8986413550775557,0.022593598990463922,-0.005553522712364568,0.009691660051813268,0.01418930372326752,-0.0003661105070161962,0.026973120617686235,-0.004577831607880404,0.0,-0.17453292519943295,0.0
3.0701263496578055,9.89953214429889,-0.4538710201175636,0.05301069011927921,0.010412319053825118,-0.011474017932061806,0.019772173958622068,30.222549814975956,-0.08839009668149579,0.6609790510431044,0.02247074314787941,-0.03714116126818586,0.054579690795520254,9.91007294181917,0.00535481704269271,-0.045814984597565146,-0.01799714171093053,-0.004513278106868086,-0.8983111437422313,0.898201893716097,0.022576517016530136,-0.005553086054473039,0.009687384864213522,0.014184184924963393,-0.0003618167721690965,0.02693465022997088,-0.004577831607880404,0.0,-0.17453292519943295,0.0
3.0901263496578055,9.902766215237122,-0.45432813550706647,0.05224671624686592,0.010411632671381232,-0.011339904714561996,0.019750886640522266,30.42060539614261,-0.08664793861962472,0.6692024437358113,0.022664445814938643,-0.03737816386507075,0.05496994260099185,9.913320457228933,0.005275922943309252,-0.04584612519473633,-0.018053244678100995,-0.004513060634194383,-0.897865988891344,0.8977582456215863,0.022559262717728682,-0.005552787733214893,0.009682836797767873,0.014178603594030946,-0.0003574705608065452,0.026896837522549285,-0.004577831607880404,0.0,-0.17453292519943295,0.0
3.1101263496578055,9.906031404524436,-0.454745247841137,0.051475089806689675,0.010410641171921843,-0.01120410224098137,0.01973013454960081,30.618724310894127,-0.08483356055758812,0.6774576025838778,0.02285805483525383,-0.037612533904380054,0.05535979278628047,9.916597254740614,0.005196291471652543,-0.045873071678803,-0.01810977957912191,-0.004513084452038619,-0.897416730832177,0.8973105118154712,0.022541839968228686,-0.0055526265399050275,0.009678021047519518,0.014172568695754808,-0.00035307292011207736,0.026859698904508747,-0.004577831607880404,0.0,-0.17453292519943295,0.0
3.1301263496578056,9.909327072448828,-0.4551225530172142,0.05069597172711089,0.010409350011927207,-0.011066640341603736,0.01970992828455336,30.81690712653455,-0.08294614914216701,0.6857439213780252,0.02305156490629131,-0.037844237970688054,0.055749253969570874,9.919902703584421,0.005115940675859316,-0.045895850641047946,-0.018166731698038736,-0.004513347364622298,-0.8969634710776812,0.8968587935423148,0.022524252656965883,-0.0055526012654644775,0.009672942711765027,0.01416608905954693,-0.0003486249018855345,0.026823250166085253,-0.004577831607880404,0.0,-0.17453292519943295,0.0
3.1501263496578056,9.912652576056288,-0.4554602492721092,0.049909523600528666,0.01040776455048884,-0.010927549032583084,0.01969027802449826,31.015154397290246,-0.08098489251287834,0.6940607904352685,0.02324497082653399,-0.038073243256791726,0.05613833898200048,9.923236170363396,0.0050348886415298505,-0.04591448896663697,-0.0182240863420286,-0.004513847166050519,-0.8965063113389438,0.8964031922413443,0.022506504686441577,-0.005552710700725069,0.009667606794223182,0.014159173380477345,-0.00034412756222420524,0.026787506491543277,-0.004577831607880404,0.0,-0.17453292519943295,0.0
3.1701263496578056,9.91600726928255,-0.45575853708200276,0.04911590764590373,0.010405890050771855,-0.010786858508398467,0.01967119353781112,31.213466664243832,-0.07894898033157022,0.7024075966944204,0.02343826749361112,-0.03829951756735455,0.05652706085871276,9.926597019168826,0.004953153486679211,-0.0459290138200826,-0.018281828846547596,-0.004514581641226929,-0.8960453534970185,0.8959438095183175,0.022488599971533366,-0.005552953636728682,0.009662018206159216,0.014151830220784228,-0.00033958196120635636,0.026752482471851774,-0.004577831607880404,0.0,-0.17453292519943295,0.0
3.1901263496578056,9.919390503084568,-0.45601761906459637,0.048315286671496524,0.010403731681453114,-0.010644599134326712,0.019652684190793863,31.411844455270323,-0.07683760381159038,0.7107837238119024,0.023631449902470084,-0.03852302932239357,0.05691543283008638,9.929984611695419,0.004870753356745439,-0.04593945263095911,-0.018339944580378097,-0.0045155485667549185,-0.8955806995750739,0.8954807471177109,0.022470542438318017,-0.005553328865021171,0.009656181768464717,0.014144068011363909,-0.0003349891625772772,0.02671819211715965,-0.004577831607880404,0.0,-0.17453292519943295,0.0
3.2101263496578056,9.922801625571678,-0.45623769988337026,0.04750782403782951,0.010401294518135722,-0.010500801438935444,0.01963475895618181,31.610288284975567,-0.07464995574653399,0.7191885522578568,0.023824513143589368,-0.03874374756061037,0.057303468313136964,9.93339830735623,0.004787706419656238,-0.04594583307986628,-0.01839841895057425,-0.004516745711824939,-0.8951124517108745,0.8950141068952431,0.022452336022906857,-0.0055538351779409224,0.009650102213693596,0.014135895053241282,-0.0003303502334379559,0.026684648869073943,-0.004577831607880404,0.0,-0.17453292519943295,0.0
3.2301263496578057,9.926239982136428,-0.4564189861539041,0.04669368362088181,0.010398583544740412,-0.01035549610659882,0.019617426421492307,31.808798654636913,-0.07238523053857705,0.7276214594125612,0.024017452401231796,-0.038961641942566426,0.05769118090308866,9.936837463397277,0.004704030860955599,-0.045948183084639785,-0.01845723740730392,-0.0045181708390878705,-0.8946407121295988,0.8945439907907389,0.02243398467029399,-0.005554471368902121,0.009643784188054486,0.014127319519021412,-0.0003256662439365042,0.026651865612744196,-0.004577831607880404,0.0,-0.17453292519943295,0.0
3.2501263496578057,9.929704915585052,-0.45656168635221633,0.04587302977552409,0.010395603654874313,-0.010208713970038339,0.019600694797218345,32.00737605214615,-0.07004262422640127,0.7360818196631377,0.024210262951737192,-0.039176682753703576,0.05807858436511246,9.940301435011895,0.004619744878991655,-0.04594653078680579,-0.01851638544858561,-0.004519821705514307,-0.8941655831170011,0.8940705008013381,0.02241549233321772,-0.005555236232672706,0.009637232253359938,0.01411834945432269,-0.0003209382669624408,0.026619854688755825,-0.004577831607880404,0.0,-0.17453292519943295,0.0
3.2701263496578057,9.933195766267563,-0.45666601072507984,0.04504602729920158,0.0103923596531776,-0.010060486002891016,0.019584571924870533,32.206020951954685,-0.06762133451271646,0.7445690045005576,0.024402940161853594,-0.03938884090721023,0.05846569262622853,9.943789575454764,0.004534866680167107,-0.04594090453827757,-0.018575848624919053,-0.004521696063239703,-0.8936871669929294,0.893593738955064,0.02239686297103551,-0.005556128565647056,0.009630450888932801,0.014108992779192168,-0.00031616737784394045,0.026588627904835835,-0.004577831607880404,0.0,-0.17453292519943295,0.0
3.2901263496578057,9.936711872207432,-0.45673217120227233,0.04421284139587266,0.010388856256648536,-0.009910843312307198,0.019569065284870662,32.404733815020975,-0.0651205607913861,0.7530823826169354,0.024595479487106168,-0.03959808794673404,0.058852519767369736,9.947301236155644,0.004449414474253428,-0.04593133288829174,-0.01863561254380791,-0.004523791660395296,-0.8932055660851983,0.8931138072847488,0.022378100548612685,-0.005557147166113425,0.00962344449347016,0.014099257289503559,-0.0003113546540481524,0.026558196547373597,-0.004577831607880404,0.0,-0.17453292519943295,0.0
3.3101263496578057,9.940252569230863,-0.4567603813107205,0.043373637640209906,0.010385098095947341,-0.009759817131580188,0.01955418200430009,32.60351508876021,-0.06253950417416192,0.761621320003109,0.024787876470202978,-0.039804396048941836,0.05923908001560367,9.950835766832755,0.004363406469769937,-0.045917844570582046,-0.018695662874173832,-0.004526106241924754,-0.8927208827038288,0.8926308078023295,0.02235920903522533,-0.005558290834516168,0.009616217386865232,0.014089150658338408,-0.0003065011748846874,0.026528571392759874,-0.004577831607880404,0.0,-0.17453292519943295,0.0
3.3301263496578057,9.943817191095587,-0.45675085609049915,0.0425285819420714,0.010381089716679403,-0.009607438812809833,0.019539928864506048,32.802365206996264,-0.05987736751703294,0.7701851800465036,0.024980126739476784,-0.04000773802592759,0.05962538773651051,9.954392515605837,0.0042768608694289485,-0.0459004684907885,-0.01875598535066048,-0.004528637550386422,-0.8922332191156617,0.892144842473518,0.02234019240347748,-0.005559558373712727,0.009608773811987648,0.014078680437350883,-0.00030160802121236696,0.02649976271854668,-0.004577831607880404,0.0,-0.17453292519943295,0.0
3.3501263496578058,9.947405069619217,-0.45670381201264587,0.041677840511247594,0.010376835580658253,-0.009453739819602167,0.01952631230856888,33.00128458991585,-0.057133355446194634,0.7787733236292724,0.02517222600736203,-0.04020808732746929,0.06001145742671409,9.957970829108843,0.004189795865647846,-0.04587923371409952,-0.01881656577782685,-0.004531383326741217,-0.8917426775193417,0.8916560131928463,0.022321054628232986,-0.005560948589225486,0.009601117936422484,0.014067854058116686,-0.000296676275149328,0.026471780314430825,-0.004577831607880404,0.0,-0.17453292519943295,0.0
3.3701263496578058,9.951015534807091,-0.45661946689875443,0.040821579822491794,0.010372340067148749,-0.00929875171980713,0.019513338448633243,33.20027364402493,-0.05430667438364342,0.7873851092267125,0.025364170068906206,-0.040405418043135605,0.06039730370656375,9.961570052602259,0.004102229636129207,-0.04585416945312511,-0.018877390034229054,-0.004534341311126016,-0.8912493600206904,0.8911644217591013,0.0223017996855623,-0.005562460289488445,0.009593253854168506,0.01405667883346652,-0.0002917070197865678,0.02644463349306398,-0.004577831607880404,0.0,-0.17453292519943295,0.0
3.390126349657806,9.954647914979617,-0.4564980398423095,0.03995996658083925,0.010367607474090917,-0.00914250617829634,0.019501013073106123,33.39933276210742,-0.05139653257240197,0.796019893005949,0.025555954800314754,-0.04059970490424323,0.0607829413129643,9.965189530085068,0.004014180339509739,-0.0458253050559987,-0.018938444076389824,-0.00453750924361258,-0.8907533686084607,0.8906701698511441,0.022282431551704274,-0.005564092286088781,0.009585185587296003,0.01404516195880447,-0.000286701338905013,0.0264183311006916,-0.004577831607880404,0.0,-0.17453292519943295,0.0
3.410126349657806,9.958301536899079,-0.4563397511317276,0.03909316768722126,0.010362642019304858,-0.008985034949782842,0.01948934165372449,33.59846232318604,-0.04840214010138028,0.8046770289248845,0.025747576157528762,-0.04079092328566593,0.06116838509235186,9.968828604406305,0.003925666111078901,-0.04579266999470585,-0.018999713942655306,-0.004540884864951919,-0.8902548051304849,0.8901733590041259,0.022262954202043397,-0.005565843394003298,0.009576917087564696,0.01403331051341183,-0.00028166031669619204,0.026392881527623573,-0.004577831607880404,0.0,-0.17453292519943295,0.0
3.430126349657806,9.961975725895899,-0.4561448221750687,0.03822135020438024,0.010357447841677142,-0.008826369871684704,0.019478329352495383,33.79766269248547,-0.045322708929877914,0.8133558688314062,0.025939030174834586,-0.04097904920749623,0.06155364999381309,9.972486617376214,0.003836705058567994,-0.04575629385363724,-0.019061185756938617,-0.004544465917304135,-0.8897537712702186,0.8896740905860987,0.022243371610102466,-0.005567712431829824,0.009568452238002088,0.014021131461736659,-0.00027658503748658527,0.026368292718538883,-0.004577831607880404,0.0,-0.17453292519943295,0.0
3.450126349657806,9.965669805994338,-0.4559134754263851,0.03734468132309059,0.010352029002329085,-0.008666542857034247,0.01946798102851106,33.996934221397694,-0.04215745291173207,0.8220557625628483,0.02613031296350467,-0.04116405933656086,0.06193875106234546,9.97616290987701,0.0037473152580103472,-0.0457162063183643,-0.01912284573234997,-0.004548250144953655,-0.8892503685236812,0.8891724657750298,0.022223687746551087,-0.005569698222013553,0.009559794854442786,0.014008631654669477,-0.00027147658546572304,0.02634457218262682,-0.004577831607880404,0.0,-0.17453292519943295,0.0
3.470126349657806,9.969383100037598,-0.4556459343136743,0.036463328328691154,0.010346389485767315,-0.008505585887434677,0.019458301244641915,34.19627724744962,-0.03890558781911662,0.8307760580457011,0.026321420710468765,-0.04134593098779086,0.06232370343225642,9.979856821973181,0.0036575147496733197,-0.04567243716463511,-0.019184680174712934,-0.0045522352950099106,-0.8887446981768017,0.8886685855362189,0.02220390657822994,-0.00557179959106837,0.009550948687029149,0.013995817830805559,-0.0002663360444181009,0.0263217270035672,-0.004577831607880404,0.0,-0.17453292519943295,0.0
3.490126349657806,9.973114929812334,-0.455342423168403,0.03557745856793387,0.010340533201016975,-0.008343531006065823,0.019449294274109647,34.39569209427287,-0.03556633136599681,0.8395161013955629,0.026512349677014758,-0.041524642125447674,0.06270852232069905,9.983567693021405,0.003567321534062613,-0.04562501624758843,-0.019246675485967018,-0.004556419118093399,-0.8882368612831688,0.8881625506001232,0.022184032067191193,-0.0055740153697931925,0.009541917421673797,0.013982696617693966,-0.0002611644974589726,0.026299763849351735,-0.004577831607880404,0.0,-0.17453292519943295,0.0
3.510126349657806,9.976864616172543,-0.45500316715657174,0.03468723941615323,0.010334463982738004,-0.008180410310740587,0.019440964106943227,34.59517907157581,-0.03213890323124431,0.848275237017327,0.0267030961975184,-0.04170017136420616,0.0630932230213422,9.987294861779967,0.0034767535679994465,-0.045573973491184236,-0.019308818167456335,-0.0045607993690071885,-0.887726958642189,0.8876544614405939,0.022164068169755084,-0.005576344393483366,0.009532704681484405,0.013969274533073934,-0.0002559630267740816,0.026278688981949048,-0.004577831607880404,0.0,-0.17453292519943295,0.0
3.530126349657806,9.980631479162819,-0.45462839221128853,0.033792838244761675,0.01032818559232479,-0.008016255947013723,0.019433314456320086,34.794738475117796,-0.02862252508141728,0.8570528077055989,0.026893656678201136,-0.0418724979700958,0.0634778208981728,9.99103766651778,0.0033858287607710764,-0.04551933887784796,-0.019371094823104555,-0.004565373807393815,-0.8872150907776566,0.8871444182535235,0.02214401883558282,-0.0055787855021371124,0.009523314028151248,0.013955557986098654,-0.0002507327133633853,0.0262585082668154,-0.004577831607880404,0.0,-0.17453292519943295,0.0
3.550126349657806,9.984414838140957,-0.45421832496682235,0.03289442238907452,0.010321701718989596,-0.00785110010134445,0.019426348764794887,34.994370586685655,-0.025016420593209868,0.8658481547453352,0.027084027595915335,-0.04204160186130121,0.06386233137942848,9.994795445122891,0.0032945649703550106,-0.04546114243832716,-0.019433492162476335,-0.004570140198377651,-0.8867013579167353,0.8866325209359093,0.022123888006765936,-0.005581337540657108,0.009513748963298003,0.013941553278546988,-0.0002454746367888246,0.026239227182253397,-0.004577831607880404,0.0,-0.17453292519943295,0.0
3.570126349657806,9.988214011899897,-0.4537731926941068,0.031992159116468626,0.010315015980830096,-0.007684974994314383,0.01942007021041823,35.19407567407232,-0.021319815475575665,0.8746606180126982,0.027274205496956153,-0.04220746360882329,0.06424676995165816,9.99856753521054,0.0032029799997172715,-0.04539941424175808,-0.01949599700372554,-0.004575096313192712,-0.8861858599693573,0.8861188690653323,0.022103679616932236,-0.005583999359047177,0.009504012929796236,0.013927266606023284,-0.00024018987492618613,0.026220850828620777,-0.004577831607880404,0.0,-0.17453292519943295,0.0
3.590126349657806,9.99202831878898,-0.4532932232376659,0.031086215594878692,0.010308131925881356,-0.007517912873902189,0.01941448171274753,35.39385399105772,-0.01753193749152932,0.8834895360761189,0.027464186995899344,-0.0423700644370021,0.0646311521539089,10.002353274230726,0.003111091593185004,-0.04533418438594015,-0.019558596276430536,-0.0045802399297959675,-0.8856686965080339,0.8856035618798547,0.022083397590368318,-0.005586769812604166,0.009494109313044112,0.013912704059145619,-0.00023487950372110016,0.026203383937391394,-0.004577831607880404,0.0,-0.17453292519943295,0.0
3.610126349657806,9.995857076834517,-0.45277864495393416,0.03017675886163464,0.010301053033152598,-0.0073499460088163274,0.019409585938752267,35.593705777391804,-0.013652016479630621,0.89233424629756,0.027653968774464282,-0.04252938622390287,0.06501549357203677,10.00615199957528,0.003018917432893637,-0.04526548298781656,-0.019621277024317263,-0.004585568833466184,-0.8851499667480897,0.8850866982583357,0.02206304584115892,-0.00558964776210502,0.009484041442209785,0.013897871624722748,-0.00022954459694921628,0.026186830880070348,-0.004577831607880404,0.0,-0.17453292519943295,0.0
3.630126349657806,9.999699603859645,-0.4522296866509441,0.02926395579264338,0.010293782713649073,-0.007181106681887185,0.019405385308615786,35.79363125877984,-0.009679284375155096,0.9011940849339719,0.027843547580401504,-0.042685411501566385,0.06539980983314012,10.009963048684435,0.0029264751353087846,-0.045193340174158755,-0.019684026407870335,-0.00459108081738833,-0.8846297695283082,0.8845683767011668,0.022042628272342955,-0.005592632073989086,0.009473812591439972,0.013882775186920016,-0.0002241862259805921,0.02617119567696536,-0.004577831607880404,0.0,-0.17453292519943295,0.0
3.650126349657806,10.003555217603472,-0.4516465775293551,0.02834797307191834,0.010286324311379354,-0.007011427183519847,0.019401882001435725,35.99363064686981,-0.005612975230955245,0.9100683872389331,0.02803292022640408,-0.042838123456125025,0.06578411660011302,10.013785759152874,0.0028337822478230203,-0.04511778607245288,-0.019746831706833157,-0.0045967736832236115,-0.8841082032920025,0.8840486953114285,0.02202214877508652,-0.005595721620535692,0.009463425981034227,0.013867420528414493,-0.0002188054595483285,0.02615648200581636,-0.004577831607880404,0.0,-0.17453292519943295,0.0
3.670126349657806,10.007423235839472,-0.4510295471247976,0.027428977161459187,0.010278681104348354,-0.006840939805208703,0.01939907796082511,36.193704139242044,-0.0014523252380162594,0.9189564875644664,0.02822208358904213,-0.04298750592778588,0.06616842956631733,10.017619468835273,0.0027408562454275566,-0.04503885080198608,-0.01980968032259747,-0.004602645241665178,-0.8835853660685011,0.8835277517764656,0.02200161122787267,-0.005598915280037031,0.009452884778585396,0.013851813331539571,-0.0002134033635214811,0.026142693210285027,-0.004577831607880404,0.0,-0.17453292519943295,0.0
3.690126349657806,10.011302976493154,-0.4503788252515082,0.026507134271484958,0.010270856305536383,-0.006669676833115037,0.019396974900416142,36.393851919401015,0.0028034272542898442,0.9278577194630222,0.02841103460771982,-0.04313354341068224,0.06655276445037141,10.021463515951295,0.0026477145274588945,-0.04495656446513087,-0.019872559780483433,-0.004608693312979563,-0.8830613554550548,0.8830056433498844,0.02198101949570825,-0.0056022119369663805,0.009442192100086764,0.013835959179419224,-0.00020798100068227389,0.026129832308306393,-0.004577831607880404,0.0,-0.17453292519943295,0.0
3.710126349657806,10.015193757758956,-0.44969464194723124,0.02558261033102271,0.010262853063864525,-0.006497670541708671,0.019395574309268575,36.59407415676929,0.007155041718247983,0.9367714157896204,0.028599770283654166,-0.04327622105259489,0.0669371369910537,10.025317239190057,0.0025543744144203863,-0.044870957138825315,-0.01993545773191088,-0.004614915727533926,-0.8825362685991627,0.8824824668339704,0.02196037742934758,-0.005605610482141693,0.00943135101100645,0.013819863557092221,-0.00020253943050763798,0.026117902000304158,-0.004577831607880404,0.0,-0.17453292519943295,0.0
3.730126349657806,10.019094898216386,-0.44897722741936313,0.024655570958853925,0.010254674465146631,-0.006324953187474705,0.019394877457184632,36.79437100668363,0.01160327542813797,0.9456969088041407,0.028788287678875008,-0.04341552465454456,0.06732156294231958,10.029179977814044,0.0024608531448786154,-0.04478205886624722,-0.019998361956462853,-0.00462131032630918,-0.8820102021813144,0.8819583185625223,0.021939688864533128,-0.0056091098128846105,0.009420364527329503,0.013803531852626444,-0.00019707970895509376,0.026106904677271642,-0.004577831607880404,0.0,-0.17453292519943295,0.0
3.750126349657806,10.023005716945363,-0.4482268119923167,0.02372618143482105,0.010246323533028198,-0.00615155700268635,0.019394885399932282,36.99474261039332,0.016148883440863133,0.9546335302737521,0.028976583915245494,-0.04355144067025699,0.06770605806842955,10.033051071762452,0.0023671678724345177,-0.04468989964868031,-0.020061260363842412,-0.004627874961399052,-0.8814832523981536,0.8814332943841088,0.02191895762125315,-0.0056127088331749085,0.009409235616568274,0.013786969358223529,-0.00019160288825299413,0.02609684242872008,-0.004577831607880404,0.0,-0.17453292519943295,0.0
3.770126349657806,10.02692553364079,-0.4474436260560827,0.02279460667149592,0.010237803229912426,-0.005977514189244744,0.01939559898437866,37.1951890950605,0.020792618576866047,0.9635806115754719,0.029164656173502484,-0.04368395620550205,0.06809063813918731,10.036929861754,0.002273335662769043,-0.044594509437570276,-0.020124140995723783,-0.004634607496495188,-0.8809555149460553,0.8809074896457404,0.021898187503016264,-0.005616406453800441,0.009397967198741574,0.013770181271314061,-0.00018611001669513962,0.026087717050495958,-0.004577831607880404,0.0,-0.17453292519943295,0.0
3.790126349657806,10.030853668726309,-0.4466279000159675,0.021861011186210956,0.010229116457873689,-0.005802856912586676,0.01939701885353542,37.39571057376281,0.02553523140132809,0.9725374837988437,0.029352501692316207,-0.04381305901730833,0.06847531892528592,10.040815689389126,0.002179373490763075,-0.044495918126768993,-0.020186992027499087,-0.004641505807358384,-0.8804270850051187,0.8803809991769566,0.021877382296142906,-0.005620201592502599,0.00938656214732312,0.013753172695643441,-0.00018060213843977663,0.026079530052469223,-0.004577831607880404,0.0,-0.17453292519943295,0.0
3.810126349657806,10.034789443467249,-0.44577986424348476,0.02092555907345681,0.010220266059558716,-0.0056276172956610014,0.019399145451517757,37.59630714549805,0.030377470205649442,0.981503477848724,0.029540117767368593,-0.04393873751305474,0.06886011619376058,10.044707897251628,0.002085298237691566,-0.04439415554496464,-0.020249801769921683,-0.004648567782276028,-0.8798980572235763,0.8798539172743307,0.021856545769073747,-0.0056240931741173405,0.009375023290159865,0.01373594864234869,-0.0001750802933129841,0.02607228266609386,-0.004577831607880404,0.0,-0.17453292519943295,0.0
3.830126349657806,10.038732180082757,-0.4448997490283808,0.0199884139776444,0.010211254819075704,-0.005451827412974562,0.019401979028418663,37.796978895191,0.03532008098920635,0.9904779245481664,0.029727501750449675,-0.04406098074944051,0.06924504570354617,10.048605829009713,0.001991126688491252,-0.044289251448295965,-0.020312558670647716,-0.004655791322505841,-0.8793685257026127,0.879326337686384,0.021835681671694866,-0.0056280801307118,0.009363353410360665,0.01371851403102626,-0.0001695455166164528,0.026065975851842598,-0.004577831607880404,0.0,-0.17453292519943295,0.0
3.850126349657806,10.0426812018571,-0.443987784531774,0.01904973906623557,0.010202085462871631,-0.005275519284708307,0.019405519645100185,37.99772589370239,0.04036380744138256,0.9994601547413926,0.029914651048571463,-0.04417977843133515,0.06963012320113846,10.052508829516434,0.0018968755291019147,-0.044181235513148585,-0.020375251315676853,-0.004663174342706064,-0.878838583981594,0.8787983535989123,0.021814793734679747,-0.005632161401716565,0.009351555247155903,0.013700873690791107,-0.00016399883893965703,0.026060610306517337,-0.004577831607880404,0.0,-0.17453292519943295,0.0
3.870126349657806,10.046635833250118,-0.4430442007403879,0.01810969700324184,0.010192760660598002,-0.005098724870904309,0.019409767177903166,38.19854819783991,0.045509390923871816,1.0084494993968394,0.030101563123098748,-0.0442951209105099,0.07001536441635689,10.056416244909542,0.00180256134388067,-0.04407013732913154,-0.02043786843069385,-0.004670714771352136,-0.8783083250237063,0.8782700576207217,0.021793885668848007,-0.00563633593405361,0.009339631496728548,0.013683032361327122,-0.00015844128597641683,0.02605618647043679,-0.004577831607880404,0.0,-0.17453292519943295,0.0
3.8901263496578062,10.050595400006841,-0.4420692274218592,0.0171684499230915,0.010183283025965268,-0.00492147606572431,0.019414721323277064,38.39944585037142,0.05075757045324859,1.0174452897102684,0.030288235488896212,-0.04440699918425209,0.07040078505820799,10.060327422710694,0.0017082006130888084,-0.04395598639223192,-0.02050039888231227,-0.004678410551140016,-0.8777778412019989,0.8777415417697677,0.021772961164540746,-0.0056406026822599575,0.00932758481301723,0.013664994693929105,-0.00015287387834584537,0.02605270453450306,-0.004577831607880404,0.0,-0.17453292519943295,0.0
3.9101263496578063,10.054559229266246,-0.4410630940811024,0.016226159404866988,0.010173655117586137,-0.004743804691780352,0.019420381602331345,38.600418880040166,0.0561090826838041,1.0264468572079282,0.03047466571349136,-0.04451540489386408,0.07078640081084751,10.064241711924078,0.0016138097104508645,-0.04383881209814592,-0.020562831679221884,-0.004686259639376258,-0.87724722428583,0.8772128974596994,0.0217520238910125,-0.005644960608607101,0.009315417808491844,0.013646765252536391,-0.0001472976314176727,0.026050164447148458,-0.004577831607880404,0.0,-0.17453292519943295,0.0
3.9301263496578063,10.058526649669147,-0.44002602991771206,0.015282986446912153,0.010163879439808024,-0.004565742494538061,0.019426747365309915,38.80146730158215,0.06156466189064487,1.0354535338497561,0.030660851416252667,-0.044620330323048185,0.07117222732964013,10.068158463134374,0.0015194049007853552,-0.043718643735783935,-0.020625155973241195,-0.004694260008354944,-0.8767165654277145,0.8766842154868048,0.021731077495839617,-0.005649408683216222,0.009303133054902275,0.013628348514758278,-0.00014171355514193613,0.026048565921164286,-0.004577831607880404,0.0,-0.17453292519943295,0.0
3.9501263496578063,10.062496991465224,-0.4389582637843865,0.014339091441809525,0.010153958443534835,-0.004387321136793061,0.01943381779599003,39.002591115745524,0.06712503995305118,1.044464652132607,0.030846790267582445,-0.04472176839617922,0.07155828023731509,10.072077028604113,0.001425002337706627,-0.04359551048094824,-0.020687361060276764,-0.004702409645721622,-0.8761859551505659,0.8761555860173502,0.021710125604345078,-0.005653945884169262,0.009290733084000757,0.013609748872891408,-0.0001361226538830237,0.026047908440412847,-0.004577831607880404,0.0,-0.17453292519943295,0.0
3.9701263496578063,10.066469586619156,-0.4378600241463543,0.013394634151727765,0.010143894527038299,-0.004208572193220947,0.019441591916007077,39.20379030931211,0.07279094633809277,1.053479545193497,0.0310324799881239,-0.044819712676466214,0.0719445751202166,10.075996762370359,0.0013306180613972829,-0.043469441390180996,-0.020749436381190894,-0.0047107065548243465,-0.8756554833353359,0.8756270985753178,0.021689171819039517,-0.005658571197615863,0.009278220388238393,0.01359097063492918,-0.00013052592625805416,0.026048191266424343,-0.004577831607880404,0.0,-0.17453292519943295,0.0
3.9901263496578063,10.07044376891589,-0.4367315390417877,0.012449773684139945,0.010133690036759093,-0.004029527145001239,0.019450068589106594,39.40506485512095,0.07856310808449939,1.062497546912847,0.031217918347981866,-0.044914157364004774,0.0723311275246474,10.079917020340766,0.0012362679964506495,-0.04334046539478078,-0.020811371522579294,-0.0047191487550519605,-0.8751252392090416,0.8750988420305301,0.021668219719078494,-0.005663283617876243,0.009265597421436473,0.013572018025563359,-0.00012492436497957572,0.026049413444879956,-0.004577831607880404,0.0,-0.17453292519943295,0.0
4.010126349657806,10.074418874064996,-0.43557303604318676,0.011504668467911216,0.010123347268097901,-0.0038502173745156654,0.01945924652532483,39.6064147120939,0.08444224978678352,1.0715179920177165,0.03140310316595671,-0.04500509729372181,0.07271795295330431,10.083837160388969,0.0011419679497825556,-0.04320861129498562,-0.020873156217460397,-0.004727734282159787,-0.8745953113331815,0.8745709045871641,0.021647272859735677,-0.005668082147540037,0.009252866599433043,0.013552895187177933,-0.00011931895670256282,0.0260515738119825,-0.004577831607880404,0.0,-0.17453292519943295,0.0
4.030126349657806,10.07839423980414,-0.4343847422197179,0.010559476229756445,0.010112868466196665,-0.003670674160121087,0.01946912428509918,39.807839825263294,0.09042909357961322,1.0805402161850097,0.03158803230879093,-0.045092527933214055,0.0731050668618043,10.087756542449307,0.0010477336086118527,-0.043073907754320746,-0.020934780345878083,-0.004736461188582807,-0.8740657875925331,0.8740433737726463,0.021626334771892054,-0.005672965797561154,0.009240030300705332,0.013533606180835428,-0.00011371068187568763,0.02605467100071619,-0.004577831607880404,0.0,-0.17453292519943295,0.0
4.0501263496578055,10.082369206001642,-0.4331668841004916,0.009614353971067214,0.01010225582671018,-0.0034909286709973258,0.0194797002833097,40.00934012580164,0.09652435912243297,1.0895635561446446,0.031772703690427985,-0.04517644538048204,0.07349248465529996,10.09167452861089,0.0009535805385089969,-0.042936383294108996,-0.02099623393541947,-0.004745327543736521,-0.8735367551843339,0.8735163364269299,0.021605408961540833,-0.005677933587348678,0.009227090866968579,0.013514154987255627,-0.00010810051459684044,0.02605870344699666,-0.004577831607880404,0.0,-0.17453292519943295,0.0
4.070126349657805,10.086343114758126,-0.4319196876387645,0.008669457945106483,0.010091511496568251,-0.0033110119620701666,0.019490972793252976,40.210915531053324,0.10272876358432954,1.0985873497826666,0.031957115271282824,-0.04525684636156109,0.07388022168518288,10.095590483210959,0.0008595241815118745,-0.042796066288142094,-0.02105750716164968,-0.0047543314343055825,-0.8730083006078347,0.8729898786921454,0.021584498909308004,-0.005682984544853878,0.009214050603751817,0.013494545507786976,-0.0001024894224728733,0.026063669395712828,-0.004577831607880404,0.0,-0.17453292519943295,0.0
4.090126349657805,10.090315310507247,-0.4306433781770508,0.0077249436345719945,0.010080637574728562,-0.003130954969009673,0.01950293995054952,40.41256594456832,0.10904302162914174,1.1076109362442954,0.032141265057523745,-0.04533372822805091,0.07426829324587376,10.099503772927601,0.0007655798543083276,-0.042652984957510735,-0.02111859034846504,-0.004763470964520409,-0.872480509654224,0.8724640860026215,0.021563608069988364,-0.005688117706653349,0.009200911780951143,0.013474781565370592,-9.687836648353482e-05,0.026069566906661717,-0.004577831607880404,0.0,-0.17453292519943295,0.0
4.110126349657804,10.094285140115508,-0.42933818041312916,0.00678096572952597,0.010069636112920468,-0.002950788503304008,0.019515599756985868,40.61429125613797,0.11546784540081155,1.1166336560368895,0.03232515110036509,-0.04540708895454532,0.07465671457169816,10.103413766871743,0.0006717627464844682,-0.04250716736559174,-0.021179473968366978,-0.00477274425642186,-0.8719534673969228,0.8719390430752756,0.02154273987209689,-0.00569333211802835,0.009187676633361046,0.013454866905497092,-9.126830084956654e-05,0.026076393860377637,-0.004577831607880404,0.0,-0.17453292519943295,0.0
4.130126349657804,10.098251952981133,-0.4280043183669309,0.0058376781056899965,0.010058509116379878,-0.0027705432474088624,0.019528950084292496,40.81609134183266,0.1220039445089748,1.125654851132813,0.032508771495370334,-0.04547692713596384,0.07504550083384631,10.10731983667845,0.0005780879188379949,-0.04235864141319034,-0.021240148642657983,-0.0047821494501141685,-0.8714272581822398,0.8714148339003641,0.021521897717435214,-0.005698626833040349,0.009174347361184353,0.013434805197156277,-8.56601729049265e-05,0.026084147963857104,-0.004577831607880404,0.0,-0.17453292519943295,0.0
4.150126349657803,10.102215101132021,-0.42664201534829604,0.004895233803105861,0.010047258544575374,-0.0025902497499725556,0.019542988677858697,41.01796606404159,0.12865202601478956,1.1346738650721908,0.03269212438176519,-0.04554324198478652,0.07543466713741616,10.111221356597545,0.0004845703017559,-0.042207434833835496,-0.021300605141561787,-0.00479168470400627,-0.8709019656203859,0.8708915417325921,0.021501084980673175,-0.005704000914602868,0.009160926130521295,0.013414600033779709,-8.00549229731043e-05,0.02609282675618053,-0.004577831607880404,0.0,-0.17453292519943295,0.0
4.170126349657803,10.106173939322746,-0.4252514939255839,0.003953785005158256,0.010035886311925767,-0.002409938421136879,0.019557713160385452,41.21991527151441,0.1354127944170005,1.1436900430655357,0.03287520794176028,-0.045606033328193844,0.07582422851853825,10.115117703583484,0.00039122469365546767,-0.04205357518922676,-0.021360834384269445,-0.004801348195041683,-0.8703776725768417,0.870369249082574,0.0214803050089451,-0.005709453434549627,0.009147415073838318,0.013394254934176371,-7.445348424749144e-05,0.026102427614032208,-0.004577831607880404,0.0,-0.17453292519943295,0.0
4.1901263496578025,10.11012782513063,-0.4238329758951258,0.0030134830179603064,0.010024394288509224,-0.0022296395279136653,0.019573121035477394,41.42193879940492,0.1422869516382374,1.1527027320962324,0.03305802039988295,-0.04566530160511302,0.07621419994158124,10.119008257384547,0.00029806575948795,-0.04189708986483035,-0.02142082743891325,-0.004811138118917082,-0.8698544611640762,0.869848037708646,0.021459561121460816,-0.00571498347369905,0.009133816290417101,0.01337377334346133,-6.88567826757671e-05,0.026112947757119632,-0.004577831607880404,0.0,-0.17453292519943295,0.0
4.210126349657802,10.114076119050857,-0.42238668225150666,0.002074478250098948,0.010012784300764155,-0.0020493831896370566,0.01958920969117485,41.62403646931666,0.14927519701154646,1.1617112810228627,0.03324056002231795,-0.0457210478631725,0.07660459629643711,10.122892400631269,0.0002051080293039169,-0.04173800606562301,-0.0214805755224703,-0.004821052690289756,-0.8693324127336054,0.869327988609018,0.021438856609131033,-0.005720590121915191,0.009120131846784396,0.013353158633977643,-6.326573684825915e-05,0.02612438425349349,-0.004577831607880404,0.0,-0.17453292519943295,0.0
4.230126349657802,10.118018184590637,-0.42091283315866407,0.0011369201927395151,0.010001058132181963,-0.0018691993734914274,0.019605976403426983,41.826208089350445,0.15637822726715253,1.1707150406813553,0.03342282511625646,-0.0457732737555661,0.07699543239588465,10.126769518924187,0.00011236589687949444,-0.04157635081198134,-0.021540070000597746,-0.004831090142974062,-0.8688116078683945,0.8688091820142664,0.021418194734207124,-0.005726272478165087,0.009106363777123181,0.013332414106211405,-5.7681257890238365e-05,0.026136734024769483,-0.004577831607880404,0.0,-0.17453292519943295,0.0
4.250126349657801,10.121953388362417,-0.41941164792179214,0.0002009574000873456,0.00998921752399187,-0.0016891178901148505,0.019623418339507002,42.028453454153876,0.16359673651945114,1.1797133639869448,0.03360481402925316,-0.04582198153782845,0.07738672297303034,10.130639000920809,1.985361840254967e-05,-0.041412150935715125,-0.021599302387401233,-0.004841248730127101,-0.8682921263755929,0.86829169738016,0.02139757872993482,-0.0057320296505726405,0.009092514083665716,0.013311542989700144,-5.210424935810197e-05,0.02614999385125315,-0.004577831607880404,0.0,-0.17453292519943295,0.0
4.270126349657801,10.125881100176128,-0.41788334496003915,-0.0007332625297955456,0.00997726417583791,-0.0015091683892780002,0.019641532561370384,42.23077234497272,0.17093141625422872,1.1887056060359227,0.03378652514859102,-0.045867174064523286,0.07777848267882541,10.134500238421875,-7.241468878210273e-05,-0.04124543307624256,-0.02165826434513896,-0.004851526724423706,-0.8677740472795973,0.8677756133808134,0.021377011800221963,-0.005737860756469012,0.009078584737068983,0.013290548443934512,-4.653560713940188e-05,0.02616416037696897,-0.004577831607880404,0.0,-0.17453292519943295,0.0
4.2901263496578,10.129800693130468,-0.4163281417799873,-0.0016655929738204275,0.009965199746448267,-0.0013293803556383144,0.019660316028957032,42.43316452970423,0.17838295531610981,1.197691124207164,0.03396795690065339,-0.04590885478584608,0.07817072607965796,10.138352626456847,-0.00016442504736937727,-0.041076223676905596,-0.021716947683862748,-0.004861922418220956,-0.867257448815439,0.8672610079021635,0.021356497119319817,-0.005743764922439612,0.009064577676773112,0.013269433559253425,-4.09762193566706e-05,0.026179230114594755,-0.004577831607880404,0.0,-0.17453292519943295,0.0
4.3101263496578,10.133711543703217,-0.41474625494990347,-0.0025958883023500636,0.009953025854297075,-0.0011497831045692525,0.019679765603438277,42.63562976295235,0.18595203989622996,1.206669278263413,0.03414910775030312,-0.045947027744142756,0.07856346765501918,10.142195563368658,-0.00025616362123337844,-0.04090454898142362,-0.02177534436099836,-0.004872434123712363,-0.8667424084224917,0.8667479580357639,0.02133603783151797,-0.005749741284367728,0.00905049481134325,0.013248201357732631,-3.5426966274997566e-05,0.026195199450302662,-0.004577831607880404,0.0,-0.17453292519943295,0.0
4.3301263496577995,10.137613031840585,-0.41313790007475076,-0.003524003897327875,0.009940744078258837,-0.0009704057780644247,0.01969987805040961,42.8381677860848,0.19363935352013328,1.2156394304523102,0.03432997620026835,-0.045981697570345856,0.07895672179524248,10.146028450897706,-0.0003476167165106572,-0.04073043503048354,-0.02183344648086671,-0.004883060173071906,-0.8662290027384902,0.8662365400728914,0.02131563705085241,-0.005755788987474823,0.009036338018795494,0.013226854794066783,-2.9888720213306852e-05,0.026212064648507765,-0.004577831607880404,0.0,-0.17453292519943295,0.0
4.350126349657799,10.141504541045572,-0.4115032917719493,-0.004449796170060085,0.009928355958255562,-0.000791277340716357,0.019720650043029978,43.04077832729206,0.20144557703589341,1.2246009456071445,0.03451056079053463,-0.046012869480329836,0.07935050279931456,10.149850694265067,-0.00043877078262821137,-0.04055390765846455,-0.021891246294147997,-0.004893798918588044,-0.8657173075938589,0.8657268294989598,0.02129529786082678,-0.005761907186357545,0.009022109146907315,0.01320539675644511,-2.436234545928621e-05,0.026229821856525528,-0.004577831607880404,0.0,-0.17453292519943295,0.0
4.370126349657799,10.145385458465363,-0.40984264364787704,-0.005373122578652278,0.009915862995896783,-0.0006124265757696238,0.019742078165108486,43.24346110164816,0.20937138860245688,1.2335531912473112,0.03469086009774318,-0.04604054927118699,0.07974482487275743,10.153661702254954,-0.0005296124132771216,-0.04037499249029561,-0.02194873619729061,-0.0049046487327879425,-0.8652073980063415,0.8652189009882345,0.021275023314146407,-0.005768095045021529,0.009007810013513065,0.013183830067420665,-1.8848698187916237e-05,0.026248467109139105,-0.004577831607880404,0.0,-0.17453292519943295,0.0
4.390126349657798,10.149255174977734,-0.4081561682750999,-0.006293841645104378,0.00990326665511256,-0.000433882081248056,0.019764158914139345,43.446215811173374,0.21741746367820813,1.2424955376784608,0.0348708727345948,-0.04606474331742554,0.08013970212558019,10.15746088729639,-0.0006201283473329688,-0.04019371493844408,-0.022005908731866648,-0.004915608008552002,-0.8646993481759306,0.8647128283988441,0.021254816432465014,-0.005774351736911983,0.008993442406785087,0.013162157484773234,-1.3348626383547609e-05,0.026267996333077644,-0.004577831607880404,0.0,-0.17453292519943295,0.0
4.410126349657798,10.153113085276477,-0.4064440771703214,-0.007211812972064405,0.009890568362779599,-0.0002556722661557,0.019786888704285827,43.64904214489873,0.22558447500975515,1.251427358092318,0.03505059734925937,-0.04608545856709148,0.08053514857029978,10.161247665544108,-0.0007103054697238247,-0.040010100200033344,-0.02206275658387591,-0.004926675159218919,-0.8641932314800833,0.8642086847680799,0.021234680206143886,-0.005780676444941155,0.008979008085500874,0.013140381702365957,-7.862969765472983e-06,0.02628840535140671,-0.004577831607880404,0.0,-0.17453292519943295,0.0
4.430126349657797,10.156958587955828,-0.4047065807730428,-0.008126897259244955,0.009877769509340585,-7.782534675120266e-05,0.019810263869314015,43.85193977893231,0.23387309262093475,1.2603480286661564,0.035230032624790485,-0.046102702537815565,0.08093117812002952,10.165021456958648,-0.0008001308122469535,-0.039824173254088095,-0.022119272583000275,-0.004937848618681395,-0.8636891204692289,0.8637065423079824,0.021214617594023173,-0.005787068361512677,0.008964508779296885,0.013118505350995678,-2.3925597169400805e-06,0.026309689887831895,-0.004577831607880404,0.0,-0.17453292519943295,0.0
4.450126349657797,10.160791085593917,-0.4029438884249235,-0.009038956319503966,0.009864871449416892,9.963065710475328e-05,0.019834280665477103,44.054908376527415,0.24228398380203717,1.269256928661906,0.0354091772785451,-0.04611648331278713,0.0813278045866346,10.168781685385676,-0.0008895915543351384,-0.03963595885890499,-0.022175449701810207,-0.004949126841472724,-0.8631870868625539,0.8632064724012078,0.021194631523205276,-0.00579352668854288,0.00894994618890944,0.013096530999237105,3.0617807824492146e-06,0.026331845570916623,-0.004577831607880404,0.0,-0.17453292519943295,0.0
4.4701263496577965,10.164609984835218,-0.4011562083498335,-0.009947853094593175,0.009851875502414708,0.0002766679255293464,0.019858935274350984,44.257947588152476,0.2508178130992489,1.278153440524881,0.03558803006160778,-0.04612680953665613,0.08172504167895345,10.172527778634503,-0.0009786750237737152,-0.03944548154954734,-0.02223128105492532,-0.004960508302844346,-0.8626872015440613,0.8627085455971638,0.021174724888849902,-0.0058000506374790844,0.00893532198640324,0.01307446115428074,8.499237221009234e-06,0.026354867938215232,-0.004577831607880404,0.0,-0.17453292519943295,0.0
4.490126349657796,10.168414696471997,-0.3993437476345878,-0.010853451670576199,0.009838782953124776,0.0004532588421252493,0.01988422380562184,44.46105705156277,0.25947524230431335,1.2870369499821042,0.03576658975821951,-0.04613369041136492,0.08212290300108406,10.176259168555786,-0.0010673686973692628,-0.03925276563546182,-0.022286759898130802,-0.004971991498834625,-0.8621895345589009,0.8622128316084171,0.021154900553980744,-0.005806639429314942,0.008920637815388006,0.013052298262764743,1.3919003615966518e-05,0.026378752440322464,-0.004577831607880404,0.0,-0.17453292519943295,0.0
4.510126349657796,10.172204635524773,-0.3975067122103551,-0.01175561729291898,0.009825595052315762,0.0006293759974164266,0.01991014229982644,44.664236391873914,0.26825693044440885,1.295906846140213,0.035944855185210615,-0.04613713569191131,0.08252140205073434,10.179975291118437,-0.0011556602015709643,-0.03905783519821546,-0.0223418796274514,-0.004983574946328918,-0.8616941551099623,0.8617193993073623,0.02113516134930346,-0.005813292294602835,0.008905895291223721,0.013030044711600623,1.9320282571238423e-05,0.02640349444484028,-0.004577831607880404,0.0,-0.17453292519943295,0.0
4.530126349657795,10.175979221321771,-0.39564530683473165,-0.012654216381255828,0.009812313017321429,0.0008049921922125415,0.019936686731045823,44.867485221637075,0.2771635337722432,1.3047625215829275,0.036122825191437766,-0.04613715568204429,0.08292055221763554,10.183675586485707,-0.0012435373130457131,-0.03886071408935129,-0.02239663377818487,-0.004995257183111216,-0.861201131554724,0.8612283167231445,0.021115510073034676,-0.005820008473463436,0.008891096001214946,0.013007702828792897,2.4702285332051736e-05,0.02642908924026302,-0.004577831607880404,0.0,-0.17453292519943295,0.0
4.550126349657795,10.179737877577372,-0.3937597350744715,-0.013549116543833329,0.009798938032621683,0.000980080440902434,0.019963853009553043,45.07080314091597,0.28619570575636455,1.31360337246806,0.03630049865722471,-0.04613376122989398,0.08332036678201779,10.187359499090453,-0.0013309879592079256,-0.03866142592836085,-0.022451016023896632,-0.005007036767907404,-0.860710531402358,0.8607396510388365,0.02109594949074195,-0.005826787215592405,0.008876241504794742,0.012985274884252728,3.0064231836459236e-05,0.02645553203978211,-0.004577831607880404,0.0,-0.17453292519943295,0.0
4.570126349657794,10.183480032469554,-0.3918501992888658,-0.01444018659163504,0.009785471250417588,0.001154613974677159,0.019991636984415615,45.27418973736554,0.2953540970716885,1.3224287986240504,0.0364778744938066,-0.04612696372353721,0.08372085891314687,10.191026477709574,-0.0014180002187050996,-0.03845999410077176,-0.022505020175377328,-0.00501891228042041,-0.8602224213110772,0.8602534685888575,0.021076482335194307,-0.005833627780264326,0.008861333333698602,0.012962763090605539,3.5405350763812904e-05,0.026482817985011037,-0.004577831607880404,0.0,-0.17453292519943295,0.0
4.590126349657794,10.187205118716333,-0.38991690061376216,-0.015327296552189675,0.009771913791200458,0.001328566244683067,0.02002003444605331,45.47764458631237,0.30463935559024063,1.331238203646005,0.03665495164277769,-0.046116775086500146,0.08412204166792135,10.19467597553763,-0.0015045623218601166,-0.038256441756348715,-0.022558640179565076,-0.005030882321357335,-0.859736867085726,0.8597698348566333,0.021057111306223224,-0.005840529436333887,0.008846372992128928,0.012940169603992652,4.0724879580252036e-05,0.026510942149631844,-0.004577831607880404,0.0,-0.17453292519943295,0.0
4.6101263496577936,10.19091257365119,-0.3879600389462168,-0.016210317683066196,0.009758266744315104,0.0015019109251054536,0.02004904112875191,45.68116725083681,0.3140521263721142,1.3400309949912235,0.03683172907554227,-0.04610320777319951,0.08452392798952911,10.1983074502596,-0.0015906626510713655,-0.038050791807406205,-0.022611870118434112,-0.00504294551244877,-0.8592539336756055,0.8592888144724887,0.02103783907059375,-0.00584749146223437,0.008831361956910477,0.012917496524867029,4.602206458126607e-05,0.026539899542963968,-0.004577831607880404,0.0,-0.17453292519943295,0.0
4.630126349657793,10.194601839297478,-0.38597981292977096,-0.017089122485057957,0.009744531168517352,0.0016746219161832996,0.02007865271313353,45.88475728185673,0.32359305165664354,1.34880658407419,0.037008205792768555,-0.04608627476432367,0.08492653070616238,10.20192036412283,-0.0016762897411716291,-0.03784306692723129,-0.022664704207851466,-0.005055100496460451,-0.8587736851725262,0.8588104712117688,0.0210186682618856,-0.005854513145973491,0.008816301677637261,0.012894745898783058,5.1296160931391136e-05,0.026569685113456455,-0.004577831607880404,0.0,-0.17453292519943295,0.0
4.650126349657793,10.198272362441832,-0.3839764199403451,-0.01796358471505966,0.009730708092525877,0.0018466733471556444,0.020108864828584115,46.088414218213,0.33326277085379197,1.3575643863610143,0.03718438082384552,-0.04606598956215513,0.08532986252979048,10.20551418400812,-0.001761432279746827,-0.03763328954861458,-0.022717136796403446,-0.005067345937197407,-0.8582961848090868,0.8583348679931808,0.020999601480384,-0.005861593785126623,0.008801193576811318,0.012871919717180496,5.6546432701100214e-05,0.02660029375210455,-0.004577831607880404,0.0,-0.17453292519943295,0.0
4.670126349657792,10.201923594706544,-0.38195005607274196,-0.01883357939863883,0.009716798515568493,0.002018039579140145,0.020139673055638654,46.2921375867566,0.343061920535755,1.3663038214632988,0.037360253226342365,-0.04604236618583573,0.08573393605498932,10.209088381499939,-0.0018460791074155116,-0.03742148186248801,-0.022769162364193418,-0.005079680519500776,-0.8578214949571696,0.8578620668773543,0.020980641292979926,-0.005868732686827459,0.008786039049973849,0.012849019918162558,6.177215290094695e-05,0.026631720295791566,-0.004577831607880404,0.0,-0.17453292519943295,0.0
4.690126349657792,10.205554992620932,-0.37990091612775245,-0.019698982842306798,0.00970280340792293,0.0021886952079443888,0.020171072928324717,46.49592690243731,0.35299113442877844,1.375024313231417,0.03753582208547051,-0.046015419166576026,0.08613876375782684,10.21264243295582,-0.0019302192180703144,-0.03720766581666761,-0.022820775521612713,-0.005092102949237441,-0.8573496771266481,0.8573921290656109,0.020961790233079734,-0.0058759291677561495,0.008770839465829112,0.012826048387268177,6.697260351302269e-05,0.02666395953055705,-0.004577831607880404,0.0,-0.17453292519943295,0.0
4.710126349657791,10.209166017691686,-0.377829193599856,-0.020559672645489923,0.009688723711452206,0.002358615066810543,0.020203059936464842,46.69978166839412,0.3630510434051911,1.3837252898471792,0.037711086513548105,-0.045985163542810126,0.0865443579948035,10.216175819574874,-0.0020138417590821363,-0.036991863114699465,-0.022871971008086075,-0.005104611953282651,-0.8568807919643019,0.8569251148989386,0.020943050800523725,-0.005883182554124964,0.008755596166361538,0.012803006958238477,7.214707551978743e-05,0.02669700619479207,-0.004577831607880404,0.0,-0.17453292519943295,0.0
4.730126349657791,10.212756136472192,-0.3757350806655091,-0.021415527712205756,0.009674560340134685,0.0025277742290939257,0.02023562952793831,46.90370137604715,0.37324227547565303,1.3924061839158686,0.0378860456494667,-0.04595161485529743,0.08695073100184708,10.219688027465434,-0.0020969360314682392,-0.036774095214807644,-0.022922743690793317,-0.0051172062794957816,-0.8564148992529328,0.8564610838571681,0.020924425461513574,-0.005890492181661505,0.008740310466946477,0.012779897413777486,7.729486893033473e-05,0.02673085498236273,-0.004577831607880404,0.0,-0.17453292519943295,0.0
4.750126349657791,10.216324820630833,-0.3736187681720143,-0.02226642826244632,0.009660314180588846,0.002696148010876088,0.02026877711090284,47.10768550519125,0.38356545578161827,1.401066432557628,0.03806069865816015,-0.045914789142172584,0.08735789489336075,10.22317854771184,-0.002179491490025155,-0.036554383328942,-0.022973088563368663,-0.005129884696689391,-0.8559520579106756,0.8560000945583404,0.020905916648548288,-0.005897857395589543,0.008724983656455002,0.012756721486307097,8.241529280415012e-05,0.02676550054566269,-0.004577831607880404,0.0,-0.17453292519943295,0.0
4.77012634965779,10.219871547018263,-0.3714804456269635,-0.02311225584327232,0.009645986092592908,0.0028637119735130385,0.02030249805597674,47.31173352409105,0.3940212065880133,1.4097054774981774,0.03823504473007551,-0.04587470293394494,0.08776586166132382,10.226646876440334,-0.002261497743427479,-0.03633274842192461,-0.023023000744579535,-0.005142645994591741,-0.8554923259905001,0.8555422047582644,0.0208875267603686,-0.005905277550607489,0.00870961699735319,0.012733480858716341,8.750766527242432e-05,0.02680093749859566,-0.004577831607880404,0.0,-0.17453292519943295,0.0
4.79012634965779,10.22339579773366,-0.36932030118824805,-0.023952893339619922,0.009631576909599315,0.0030304419261192083,0.02033678769838197,47.515844889577686,0.40461014727613076,1.418322765158842,0.0384090830806459,-0.045831373248448944,0.08817464317444419,10.230092514884085,-0.0023429445542933894,-0.036109211210693055,-0.02307247547698582,-0.005155488983802902,-0.8550357606798961,0.8550874713502569,0.020869258161909373,-0.005912752010864549,0.008694211725796258,0.01271017716510495,9.257131355698038e-05,0.026837160419488876,-0.004577831607880404,0.0,-0.17453292519943295,0.0
4.810126349657789,10.22689706018995,-0.3671385216546293,-0.024788224984825045,0.009617087439244207,0.00319631392798778,0.02037164134004866,47.72001904714698,0.41533289433673887,1.426917746745872,0.0385828129497652,-0.045784817585746644,0.08858425117736178,10.233514969447326,-0.002423821839218057,-0.035883792163638906,-0.023121508125581686,-0.005168412495744654,-0.854582418300739,0.8546359503650606,0.02085111318426006,-0.005920280149934636,0.008678769051717989,0.012686811991521274,9.760557398687477e-05,0.02687416385393821,-0.004577831607880404,0.0,-0.17453292519943295,0.0
4.830126349657789,10.23037482717799,-0.3649352924568628,-0.025618136370866844,0.00960251846385189,0.003361304290948027,0.020407054251681534,47.924255431059166,0.42619006136340687,1.435489878339035,0.03875623360126443,-0.0457350539229837,0.088994697289902,10.236913751768586,-0.002504119668775781,-0.03565651150004012,-0.02317009417642082,-0.005181415382604263,-0.8541323543093284,0.8541876969709336,0.0208330941246327,-0.0059278613507880214,0.008663290158915803,0.012663386876694572,0.00010260979201273275,0.026911942317586156,-0.004577831607880404,0.0,-0.17453292519943295,0.0
4.850126349657788,10.233828596929737,-0.36271079764937,-0.02644251445833389,0.009587870740934432,0.003525389581660289,0.020443021674788727,48.12855346444015,0.43718225904604674,1.4440386209794596,0.0389293443223899,-0.04568210070920011,0.08940599300637869,10.24028837878305,-0.002583828267491852,-0.03542738918958546,-0.02321822923522693,-0.005194496517272348,-0.8536856232965937,0.8537427654739052,0.020815203246337465,-0.005935495005760825,0.008647776205131885,0.01263990331276168,0.00010758332221887718,0.02695049029883328,-0.004577831607880404,0.0,-0.17453292519943295,0.0
4.870126349657788,10.237257873180376,-0.3604652199024504,-0.027261247586116172,0.009573145003686388,0.0036885466238492275,0.020479538823673437,48.332912559384205,0.44831009516467174,1.4525634407567118,0.03910214442328285,-0.04562597686009697,0.0898181496949455,10.243638372784002,-0.002662938013785108,-0.035196444951989536,-0.023265909025990718,-0.005207654793274936,-0.8532422789884656,0.8533012093181951,0.020797442778765458,-0.005943180516522343,0.008632228322130729,0.012616362745988098,0.0001125255283333096,0.026989802261484144,-0.004577831607880404,0.0,-0.17453292519943295,0.0
4.890126349657788,10.240662165229413,-0.35819874049502826,-0.028074225480826057,0.009558341961474764,0.0038507525004760155,0.020516600887388898,48.53733211705814,0.45957417458337174,1.4610638088950856,0.039274633236460674,-0.04556670175276049,0.09023117859699512,10.246963261483362,-0.0027414394398821294,-0.034963698256697026,-0.02331312938955464,-0.005220889124699895,-0.852802374246402,0.8528630810867861,0.02077981491737847,-0.005950917294040289,0.008616647615773474,0.012592766577483532,0.0001174357832356037,0.027029872647328593,-0.004577831607880404,0.0,-0.17453292519943295,0.0
4.910126349657787,10.244040988000734,-0.3559115393079274,-0.028881339265950903,0.009543462300324254,0.0040119845558501096,0.020554203031657083,48.74181152780697,0.4709750992445064,1.4695392018390852,0.03944681011629952,-0.04550429522034447,0.09064509082660542,10.250262578071323,-0.002819323231703979,-0.03472916832267434,-0.023359886282186958,-0.005234198446117846,-0.8523659610680687,0.8524284325021496,0.020762321823705604,-0.005958704758543943,0.008601035166089382,0.01256911616391189,0.000122313468962769,0.02707069587865926,-0.004577831607880404,0.0,-0.17453292519943295,0.0
4.930126349657787,10.247393862101632,-0.35360379481766774,-0.029682481470740762,0.009528506683397806,0.004172220397681256,0.020592340400751596,48.94635017126096,0.48251346816311624,1.4779891013380826,0.0396186744385184,-0.04543877754671259,0.0910598973700319,10.25353586127507,-0.0028965802287264472,-0.03449287411828744,-0.02340617577414622,-0.005247581712497727,-0.8519330905881655,0.8519973144271156,0.02074496562534648,-0.005966542339485303,0.008585392027344818,0.01254541281819578,0.00012715797671314304,0.027112266360726073,-0.004577831607880404,0.0,-0.17453292519943295,0.0
4.950126349657786,10.250720313880791,-0.3512756840907777,-0.030477546038834485,0.009513475751472602,0.0043314378990724055,0.02063100811934515,49.15094741644409,0.494189877421552,1.4864129945301299,0.03979022559966459,-0.045370169461041505,0.09147560908524553,10.256782655416576,-0.002973201423814752,-0.03425483436126411,-0.023451994048237623,-0.0052610378991171545,-0.8515038130793963,0.8515697768658843,0.020727748415980823,-0.005974429475498232,0.008569719228110092,0.012521657810215529,0.00013196870684837106,0.027154578484128715,-0.004577831607880404,0.0,-0.17453292519943295,0.0
4.970126349657786,10.25401987548523,-0.348927382778616,-0.03126642833662637,0.009498370123411464,0.004489615200454189,0.0206702012943221,49.35560262188396,0.5060049201643234,1.4948103740249052,0.03996146301660033,-0.04529849213238615,0.09189223670151535,10.26000251046947,-0.0030491779630335046,-0.034015067518739395,-0.02349733739836231,-0.005274566001467683,-0.851078177953574,0.8511458689651721,0.02071067225538421,-0.005982365614355662,0.008554017771324465,0.012497852367502726,0.00013674506889352957,0.02719762662714786,-0.004577831607880404,0.0,-0.17453292519943295,0.0
4.9901263496577855,10.257292084916218,-0.3465590651126972,-0.032049025161376754,0.00948319039662979,0.004646730711461612,0.02070991501655637,49.560315135723016,0.5179591865931672,1.5031807379857753,0.04013238612599088,-0.045223767164208346,0.09230979081903498,10.263194982114998,-0.0031245011454328823,-0.03377359180738258,-0.023542202228060978,-0.005288165035155147,-0.8506562337628601,0.8507256390154895,0.02069373916944981,-0.005990350212924898,0.008538288634359686,0.012473997675928368,0.00014148648153545167,0.027241405158015958,-0.004577831607880404,0.0,-0.17453292519943295,0.0
5.0,10.258897292679585,-0.34538254102357985,-0.03243303081804497,0.009475669287999287,0.004723897863250898,0.020729711405582066,49.661399052056304,0.5239123111448306,1.5073029273464336,0.040216651823427395,-0.045185759817493475,0.09251627480417308,10.264760818590975,-0.0031614433637083663,-0.03365375492218353,-0.023564173705222586,-0.005294904496566251,-0.8504493027998709,0.8505195494768074,0.020685432964768432,-0.0059943097728308555,0.00853051352140615,0.012462203226041649,0.00014381417242496873,0.02726328542098193,-0.004577831607880404,0.0,-0.17453292519943295,0.0
